SNP_Index,Chromosome,Position,Phenotype,Saliency_Score
390865,11,5654127,GL,0.00045529354
391481,11,6085812,GL,0.00044071578
393201,11,6945212,GL,0.00044055123
235507,6,3746308,GL,0.00043938195
393369,11,7051865,GL,0.00043136912
235782,6,3899882,GL,0.00042007637
393165,11,6917489,GL,0.00041620116
236465,6,4579271,GL,0.00041142912
235389,6,3717085,GL,0.00041075837
390078,11,4904926,GL,0.00040542765
392099,11,6245329,GL,0.00040049496
392999,11,6543325,GL,0.0003991931
235856,6,3928019,GL,0.00039805833
233795,6,622249,GL,0.00039656798
236733,6,4659306,GL,0.0003918189
392961,11,6538993,GL,0.0003912882
389300,11,4612939,GL,0.00038949624
391421,11,6069993,GL,0.0003877102
234522,6,891551,GL,0.00038604252
237494,6,5669960,GL,0.00038507793
389781,11,4826478,GL,0.0003846941
238075,6,5923879,GL,0.00038396893
391805,11,6189925,GL,0.00038385225
390729,11,5581378,GL,0.0003811866
241733,6,7266788,GL,0.00038069123
234843,6,1981102,GL,0.00038065668
391485,11,6086080,GL,0.00037922277
393576,11,7885397,GL,0.0003768981
391568,11,6098948,GL,0.00037578942
389213,11,4579265,GL,0.00037536302
390745,11,5585823,GL,0.00037524803
388578,11,3876516,GL,0.00037507756
391292,11,6030520,GL,0.00037379685
235677,6,3791166,GL,0.00037357613
389733,11,4816734,GL,0.0003735132
396445,11,9823675,GL,0.00037336547
237249,6,4818646,GL,0.00037335514
235760,6,3820915,GL,0.0003731511
392233,11,6271261,GL,0.00037202705
390007,11,4882641,GL,0.0003718483
391825,11,6192373,GL,0.00036846416
389991,11,4880390,GL,0.00036830685
393345,11,7039853,GL,0.0003674083
395145,11,9014632,GL,0.00036712043
393637,11,7913384,GL,0.0003669264
240757,6,6881642,GL,0.000366887
234945,6,2958934,GL,0.00036598605
389911,11,4867133,GL,0.00036589146
235009,6,3078097,GL,0.00036539542
236329,6,4390055,GL,0.00036511652
388891,11,4405556,GL,0.0003646263
396570,11,10379855,GL,0.00036451218
241711,6,7252138,GL,0.0003638097
389936,11,4870649,GL,0.00036342026
241963,6,7384249,GL,0.00036298783
235386,6,3716439,GL,0.0003627081
392993,11,6542007,GL,0.0003624104
392345,11,6313443,GL,0.0003613215
236604,6,4596939,GL,0.00036130453
241789,6,7315725,GL,0.00036124492
393268,11,6981197,GL,0.00036094678
235373,6,3711370,GL,0.00036042728
389962,11,4876293,GL,0.0003603726
395041,11,8994176,GL,0.00036009238
389650,11,4796005,GL,0.0003600102
94881,3,3735718,GL,0.00035952794
390427,11,5417854,GL,0.00035932433
389583,11,4776547,GL,0.00035730592
234525,6,895813,GL,0.00035727766
393124,11,6884204,GL,0.0003559634
234805,6,1768795,GL,0.00035579738
391698,11,6136654,GL,0.00035575847
235310,6,3692668,GL,0.00035566758
234802,6,1706170,GL,0.00035565032
234770,6,1534765,GL,0.000353654
391660,11,6119138,GL,0.00035337766
236295,6,4337927,GL,0.00035335467
392885,11,6495996,GL,0.00035333095
392254,11,6274255,GL,0.00035304812
388473,11,3827032,GL,0.0003529372
388839,11,4374535,GL,0.00035260984
242039,6,7416435,GL,0.00035247084
390111,11,4915885,GL,0.00035158932
391338,11,6037555,GL,0.00035133486
392571,11,6363736,GL,0.00035091167
236693,6,4647348,GL,0.0003503778
391588,11,6100848,GL,0.00034983372
393271,11,7000830,GL,0.00034915452
388501,11,3837681,GL,0.0003491372
393424,11,7103295,GL,0.0003491326
235351,6,3706598,GL,0.00034911997
238233,6,5970491,GL,0.00034895292
388239,11,3755733,GL,0.00034879142
393342,11,7039223,GL,0.00034839712
233633,6,602487,GL,0.00034824622
238451,6,6024428,GL,0.0003480899
235625,6,3779752,GL,0.0003479484
235382,6,3715926,GL,0.00034790815
390060,11,4897971,GL,0.00034767954
392076,11,6241916,GL,0.00034761097
302013,8,2222677,GL,0.00034750337
237992,6,5893329,GL,0.00034743425
234421,6,794151,GL,0.00034670936
307497,8,5673782,GL,0.00034627752
235859,6,3928212,GL,0.00034596698
235002,6,3075208,GL,0.0003458073
389427,11,4685863,GL,0.0003457829
242121,6,7490084,GL,0.00034548942
391741,11,6148778,GL,0.00034547178
394744,11,8806936,GL,0.00034481735
235740,6,3808123,GL,0.0003445085
241737,6,7267135,GL,0.0003444223
392593,11,6367211,GL,0.00034416094
235455,6,3729376,GL,0.00034414258
393427,11,7108674,GL,0.00034394988
234733,6,1279305,GL,0.00034385128
389419,11,4684774,GL,0.00034367442
389078,11,4447905,GL,0.00034324703
241927,6,7347715,GL,0.00034301222
391701,11,6136782,GL,0.0003422762
300673,8,835337,GL,0.00034222248
397113,11,10632632,GL,0.00034221046
389335,11,4623898,GL,0.00034204987
392939,11,6527202,GL,0.0003418547
239187,6,6302785,GL,0.00034184658
389933,11,4869840,GL,0.00034178424
236462,6,4578970,GL,0.0003416168
389453,11,4690887,GL,0.00034150656
393851,11,8248160,GL,0.00034149512
242177,6,7502140,GL,0.00034127507
395069,11,9003154,GL,0.00034102573
393613,11,7900348,GL,0.00034093947
234178,6,738702,GL,0.00034047637
397124,11,10635637,GL,0.00034032532
307973,8,6043326,GL,0.00034019645
388895,11,4409283,GL,0.00033983032
396721,11,10444662,GL,0.00033953117
87489,2,31003233,GL,0.00033919903
391706,11,6137089,GL,0.00033914772
235074,6,3238475,GL,0.00033892156
237246,6,4818245,GL,0.00033888227
392184,11,6258182,GL,0.00033883817
234575,6,983572,GL,0.00033873302
237563,6,5696075,GL,0.00033871565
392933,11,6525167,GL,0.0003386748
239964,6,6689853,GL,0.00033864233
395801,11,9303656,GL,0.00033858453
241741,6,7267605,GL,0.0003384702
235065,6,3218069,GL,0.00033817795
390603,11,5515656,GL,0.00033791244
236845,6,4689372,GL,0.00033722247
393008,11,6544097,GL,0.00033718778
233533,6,586982,GL,0.00033706005
238931,6,6162166,GL,0.0003368204
395971,11,9407488,GL,0.0003367899
390146,11,4930366,GL,0.00033677684
234941,6,2928914,GL,0.00033660742
396565,11,10378389,GL,0.00033643752
389593,11,4784054,GL,0.00033636947
393091,11,6657968,GL,0.00033629625
242182,6,7502663,GL,0.0003361387
237331,6,4925574,GL,0.0003360975
392307,11,6298869,GL,0.00033603702
391103,11,5888177,GL,0.00033560794
235541,6,3752575,GL,0.0003352753
388554,11,3862881,GL,0.00033504688
235379,6,3715653,GL,0.00033504216
238950,6,6164618,GL,0.00033470197
233049,6,431643,GL,0.0003343788
242117,6,7487393,GL,0.0003342026
235005,6,3077314,GL,0.0003341528
388185,11,3740185,GL,0.000334034
237673,6,5751244,GL,0.00033379215
389330,11,4621596,GL,0.00033367917
394487,11,8732347,GL,0.00033340266
235167,6,3283430,GL,0.00033318458
240382,6,6799290,GL,0.00033307198
390607,11,5515893,GL,0.00033298397
389217,11,4580128,GL,0.00033297637
389713,11,4809586,GL,0.00033286333
392717,11,6393844,GL,0.00033279872
236326,6,4383361,GL,0.00033274965
389084,11,4449181,GL,0.00033273056
391525,11,6092666,GL,0.00033267826
391341,11,6037790,GL,0.0003321308
237163,6,4806871,GL,0.0003320753
235556,6,3755476,GL,0.00033159138
388565,11,3870229,GL,0.00033158975
393748,11,8055766,GL,0.00033121364
390433,11,5424360,GL,0.0003310701
236243,6,4235967,GL,0.00033065875
242043,6,7417618,GL,0.00033043418
395137,11,9013558,GL,0.00033008566
389714,11,4809689,GL,0.00032964593
391344,11,6038319,GL,0.00032940635
391459,11,6082579,GL,0.00032928374
396383,11,9753842,GL,0.00032926726
391317,11,6036271,GL,0.00032921226
235655,6,3786420,GL,0.00032913964
389502,11,4736030,GL,0.00032891022
452117,12,4217649,GNPP,0.0005998903
448005,12,1282132,GNPP,0.00059089565
447714,12,1113148,GNPP,0.0005715101
450449,12,3487844,GNPP,0.0005460823
446845,12,756255,GNPP,0.0005229578
447927,12,1191968,GNPP,0.000515933
451423,12,3712466,GNPP,0.00051538786
446557,12,618663,GNPP,0.00051248824
447919,12,1180067,GNPP,0.00051074947
449865,12,3337649,GNPP,0.00050705083
447244,12,978134,GNPP,0.0005023508
454071,12,7025292,GNPP,0.00050200516
448869,12,3020294,GNPP,0.0004986546
454043,12,6992228,GNPP,0.00048776125
447667,12,1103463,GNPP,0.00048684678
446803,12,750141,GNPP,0.00048381672
446723,12,735765,GNPP,0.00048203886
450536,12,3510679,GNPP,0.0004808787
451071,12,3623520,GNPP,0.00048006873
447035,12,836417,GNPP,0.00047997458
449647,12,3169996,GNPP,0.0004787883
449929,12,3380701,GNPP,0.00047523552
446112,12,322734,GNPP,0.00047463347
173273,4,20371303,GNPP,0.0004724389
173225,4,20276999,GNPP,0.00047114716
446525,12,610901,GNPP,0.00046943134
449836,12,3298371,GNPP,0.0004657217
447302,12,993882,GNPP,0.00046571178
454918,12,7653564,GNPP,0.00046567767
165117,4,17467874,GNPP,0.00046429958
451476,12,3722527,GNPP,0.00046415292
450822,12,3581953,GNPP,0.00046270495
449899,12,3374354,GNPP,0.00046243396
446421,12,502887,GNPP,0.0004607249
173475,4,20664661,GNPP,0.0004594448
446093,12,311080,GNPP,0.00045669754
171861,4,19374490,GNPP,0.0004531058
450338,12,3470441,GNPP,0.00045265004
451078,12,3625002,GNPP,0.00044845964
451132,12,3634516,GNPP,0.000447674
446732,12,738335,GNPP,0.00044755609
450584,12,3522295,GNPP,0.00044710175
450269,12,3458754,GNPP,0.0004470303
446602,12,654416,GNPP,0.00044680858
449821,12,3290187,GNPP,0.00044645826
450372,12,3473953,GNPP,0.0004460496
449920,12,3377929,GNPP,0.00044584618
448865,12,3016313,GNPP,0.00044577086
450815,12,3580166,GNPP,0.00044493628
450789,12,3574297,GNPP,0.00044480312
446776,12,744458,GNPP,0.0004446702
446377,12,449189,GNPP,0.00044326967
447076,12,921675,GNPP,0.00044206972
454855,12,7505697,GNPP,0.00044169108
447747,12,1133725,GNPP,0.00044168
447271,12,984321,GNPP,0.00044142635
453076,12,6209568,GNPP,0.00044125234
451486,12,3744887,GNPP,0.00044121357
446690,12,725533,GNPP,0.00044104867
446917,12,780167,GNPP,0.0004404128
173233,4,20281713,GNPP,0.00043949165
455251,12,8035436,GNPP,0.00043856644
452506,12,5668942,GNPP,0.00043688653
447128,12,946066,GNPP,0.00043670918
447923,12,1181433,GNPP,0.00043636988
446190,12,362618,GNPP,0.00043581644
454921,12,7669725,GNPP,0.00043565594
173217,4,20257198,GNPP,0.0004346306
446875,12,764783,GNPP,0.0004341035
172161,4,19461146,GNPP,0.00043386462
173252,4,20298096,GNPP,0.0004332523
450572,12,3518538,GNPP,0.00043275085
451155,12,3638008,GNPP,0.00043268653
452215,12,4441761,GNPP,0.00043187744
446726,12,736621,GNPP,0.00043185044
446817,12,751140,GNPP,0.00043165142
173485,4,20683410,GNPP,0.00043158192
452190,12,4426345,GNPP,0.00043117534
450853,12,3587014,GNPP,0.00043103742
454795,12,7428690,GNPP,0.00042857477
446926,12,785184,GNPP,0.0004282417
447803,12,1145105,GNPP,0.0004279184
454915,12,7642281,GNPP,0.00042765695
447113,12,937774,GNPP,0.00042747808
446914,12,778779,GNPP,0.0004270863
454040,12,6992011,GNPP,0.000426049
451885,12,4047504,GNPP,0.00042567326
127064,3,24010559,GNPP,0.00042523007
454490,12,7277744,GNPP,0.00042461578
446487,12,561921,GNPP,0.00042442043
447324,12,998616,GNPP,0.00042414997
453729,12,6825856,GNPP,0.00042323
448124,12,1330249,GNPP,0.0004225203
450156,12,3426898,GNPP,0.00042227155
447834,12,1155852,GNPP,0.00042178464
446331,12,424245,GNPP,0.00042161433
447920,12,1180134,GNPP,0.00042151997
448933,12,3041179,GNPP,0.00042121694
447720,12,1113826,GNPP,0.00041994033
448002,12,1274833,GNPP,0.0004193994
165028,4,17280175,GNPP,0.00041877944
447133,12,951219,GNPP,0.00041823185
449567,12,3148965,GNPP,0.00041758994
455133,12,7985019,GNPP,0.000417349
447723,12,1114220,GNPP,0.00041671284
448086,12,1311242,GNPP,0.0004165673
448130,12,1330741,GNPP,0.00041601923
448487,12,2919171,GNPP,0.0004157039
450567,12,3516389,GNPP,0.00041515657
448054,12,1300350,GNPP,0.0004148097
173482,4,20681388,GNPP,0.0004147886
172164,4,19462193,GNPP,0.00041466366
450493,12,3498204,GNPP,0.00041422003
172889,4,19738552,GNPP,0.00041408613
454912,12,7620423,GNPP,0.00041357148
452901,12,5829595,GNPP,0.00041134923
453786,12,6859218,GNPP,0.00041104874
449835,12,3298338,GNPP,0.00041099492
447392,12,1039367,GNPP,0.0004103295
166164,4,17912906,GNPP,0.0004101421
450353,12,3472183,GNPP,0.00040999905
451473,12,3720957,GNPP,0.0004098318
454830,12,7441310,GNPP,0.0004096876
448949,12,3042842,GNPP,0.0004095263
451182,12,3647166,GNPP,0.00040921004
454707,12,7396019,GNPP,0.00040885486
454613,12,7346055,GNPP,0.0004084231
447319,12,997410,GNPP,0.00040801385
455005,12,7948063,GNPP,0.0004078802
451607,12,3787603,GNPP,0.00040773544
446291,12,407936,GNPP,0.00040622737
446696,12,726649,GNPP,0.00040598784
455157,12,8004984,GNPP,0.00040597326
169333,4,18739789,GNPP,0.0004058337
173516,4,20712625,GNPP,0.0004055727
446253,12,382622,GNPP,0.0004046661
171959,4,19427809,GNPP,0.00040419388
447351,12,1013668,GNPP,0.00040414018
166063,4,17877129,GNPP,0.0004040112
447945,12,1256517,GNPP,0.00040397356
450108,12,3418353,GNPP,0.00040371358
449027,12,3051831,GNPP,0.00040285403
451902,12,4053793,GNPP,0.00040273805
453071,12,6151540,GNPP,0.0004026352
171382,4,19281785,GNPP,0.00040257192
172665,4,19546739,GNPP,0.00040238735
454263,12,7174069,GNPP,0.0004023666
446979,12,807326,GNPP,0.00040232678
449695,12,3208751,GNPP,0.0004020699
447673,12,1104180,GNPP,0.00040181325
454645,12,7353443,GNPP,0.00040166537
454950,12,7927623,GNPP,0.00040162148
455193,12,8023673,GNPP,0.00040147037
165105,4,17466202,GNPP,0.00040080084
452211,12,4440009,GNPP,0.00040073995
172661,4,19546543,GNPP,0.00040073734
447043,12,840601,GNPP,0.00040051795
454910,12,7619136,GNPP,0.00040039292
166933,4,18225914,GNPP,0.00040022144
449591,12,3155158,GNPP,0.0004001677
450783,12,3572765,GNPP,0.00039964772
450841,12,3585612,GNPP,0.0003993607
446224,12,371431,GNPP,0.0003989447
169508,4,18770637,GNPP,0.0003989133
449891,12,3371642,GNPP,0.00039799226
452105,12,4215760,GNPP,0.00039795268
165003,4,17195108,GNPP,0.0003970429
455380,12,8077473,GNPP,0.00039680355
454065,12,7016679,GNPP,0.00039608942
454119,12,7051336,GNPP,0.0003957497
165833,4,17671952,GNPP,0.00039562758
4497,1,5507279,GNPP,0.00039547007
173151,4,20074729,GNPP,0.00039537303
453011,12,5843411,GNPP,0.00039534635
165189,4,17477551,GNPP,0.00039525362
174493,4,21422332,GNPP,0.000395215
447384,12,1027900,GNPP,0.0003948152
447645,12,1093384,GNPP,0.00039464055
449654,12,3173018,GNPP,0.00039416956
174490,4,21421430,GNPP,0.0003940509
453090,12,6212556,GNPP,0.0003937858
455290,12,8043105,GNPP,0.00039378332
454151,12,7056276,GNPP,0.0003929552
173681,4,21022705,GNPP,0.0003928853
448136,12,1333544,GNPP,0.00039281163
449691,12,3206543,GNPP,0.00039275983
450476,12,3494521,GNPP,0.00039246966
453269,12,6678768,GNPP,0.00039234594
455247,12,8034543,GNPP,0.00039208654
447936,12,1235102,GNPP,0.00039188974
446518,12,609627,GNPP,0.00039186672
172657,4,19546210,GNPP,0.00039178267
453788,12,6859298,GNPP,0.00039158086
448065,12,1303843,GNPP,0.0003914219
454306,12,7190766,GNPP,0.00039134308
446796,12,749088,GNPP,0.00039120548
454963,12,7937020,GNPP,0.00039101386
446249,12,381551,GNPP,0.00039082358
450013,12,3394978,GNPP,0.00039033737
165769,4,17664696,GNPP,0.00039018612
203955,5,14684559,GWe,0.0005799961
205843,5,15147356,GWe,0.00057666854
210353,5,16730784,GWe,0.0005325276
212605,5,17464683,GWe,0.00053209305
213013,5,17709430,GWe,0.00053152157
210348,5,16730403,GWe,0.00053085125
204093,5,14722920,GWe,0.0005256921
213051,5,17717881,GWe,0.0005247451
206695,5,15573290,GWe,0.0005223594
212563,5,17415252,GWe,0.00051842706
212610,5,17466728,GWe,0.00051269436
212963,5,17690856,GWe,0.00051214965
212881,5,17665483,GWe,0.00050944905
207059,5,15692464,GWe,0.00050527917
205811,5,15140834,GWe,0.00050269754
213065,5,17719558,GWe,0.0005023024
206843,5,15602935,GWe,0.0005019749
207128,5,15705772,GWe,0.00050196354
212627,5,17493443,GWe,0.0004992982
211921,5,17097570,GWe,0.0004990094
208399,5,16091533,GWe,0.0004967081
210381,5,16733887,GWe,0.0004956812
203735,5,14642915,GWe,0.0004953196
206535,5,15538738,GWe,0.0004950272
208503,5,16130435,GWe,0.00049446133
207441,5,15773315,GWe,0.0004938604
212895,5,17677908,GWe,0.00049095636
203721,5,14638321,GWe,0.00048624488
207623,5,15864679,GWe,0.0004854947
212801,5,17644104,GWe,0.00048501493
206331,5,15495681,GWe,0.00048260496
212108,5,17129851,GWe,0.00048216135
212955,5,17689249,GWe,0.00047932644
207563,5,15819961,GWe,0.0004787708
203853,5,14669264,GWe,0.00047767474
210913,5,16877747,GWe,0.0004774234
207028,5,15684809,GWe,0.00047727049
207833,5,15918034,GWe,0.00047699406
87489,2,31003233,GWe,0.0004762622
207326,5,15758195,GWe,0.00047444185
204393,5,14812715,GWe,0.00047440024
203744,5,14644332,GWe,0.00047372587
207653,5,15873493,GWe,0.00047348108
211677,5,17049224,GWe,0.00047340518
207745,5,15896162,GWe,0.00047324446
212111,5,17130855,GWe,0.00047275878
213071,5,17719994,GWe,0.00047088493
205078,5,14983224,GWe,0.0004702224
210185,5,16706480,GWe,0.0004700512
203668,5,14425064,GWe,0.00046930002
213134,5,17782656,GWe,0.0004679958
210312,5,16727010,GWe,0.000467869
206935,5,15652332,GWe,0.0004678453
204155,5,14735112,GWe,0.00046648178
212910,5,17683275,GWe,0.00046636089
96376,3,5705791,GWe,0.00046620995
207487,5,15783569,GWe,0.00046595876
204051,5,14712010,GWe,0.0004658846
210588,5,16776024,GWe,0.00046538236
212787,5,17642134,GWe,0.0004650828
208139,5,16000247,GWe,0.0004648323
203941,5,14682411,GWe,0.0004630471
205802,5,15139328,GWe,0.00046288918
212613,5,17468327,GWe,0.00046213507
212671,5,17571376,GWe,0.00046212185
212157,5,17165463,GWe,0.00046187235
203769,5,14648454,GWe,0.00046176065
206168,5,15291625,GWe,0.00046167301
208136,5,15999791,GWe,0.00046132394
211802,5,17076592,GWe,0.00045972416
206717,5,15576548,GWe,0.00045859322
205024,5,14967738,GWe,0.0004584371
212027,5,17112429,GWe,0.00045824822
213111,5,17779606,GWe,0.0004581184
210114,5,16690059,GWe,0.00045735578
203959,5,14684926,GWe,0.0004568995
207384,5,15764451,GWe,0.00045562728
210106,5,16688386,GWe,0.00045540006
212823,5,17650358,GWe,0.00045497663
205500,5,15051313,GWe,0.00045447698
207132,5,15706026,GWe,0.00045392945
211765,5,17070180,GWe,0.0004539288
206219,5,15459186,GWe,0.00045392316
207035,5,15687081,GWe,0.00045350124
207428,5,15769890,GWe,0.00045225536
204891,5,14936125,GWe,0.00045151787
205808,5,15140480,GWe,0.0004512443
203689,5,14538327,GWe,0.00045121164
207390,5,15765408,GWe,0.0004510353
204635,5,14870092,GWe,0.0004508078
203652,5,14397837,GWe,0.00045036705
213327,5,17866618,GWe,0.00045032986
211669,5,17048772,GWe,0.00044956894
211687,5,17049913,GWe,0.00044889364
212480,5,17310701,GWe,0.00044846753
203661,5,14404742,GWe,0.00044783019
207921,5,15934182,GWe,0.00044692802
213080,5,17721874,GWe,0.0004468754
204567,5,14855824,GWe,0.00044679941
208219,5,16017295,GWe,0.00044651522
212059,5,17121788,GWe,0.00044629836
204188,5,14740747,GWe,0.00044614053
204555,5,14853496,GWe,0.00044602374
212747,5,17630745,GWe,0.000445798
212951,5,17688744,GWe,0.00044578462
209107,5,16491911,GWe,0.00044576376
212940,5,17687385,GWe,0.00044534003
205371,5,15030310,GWe,0.00044487897
207609,5,15842884,GWe,0.00044460958
207554,5,15819504,GWe,0.00044437466
206234,5,15467512,GWe,0.00044378958
235507,6,3746308,GWe,0.00044302372
206847,5,15606624,GWe,0.00044282526
207000,5,15677730,GWe,0.00044246705
205873,5,15152767,GWe,0.00044241155
206965,5,15659037,GWe,0.0004420558
205954,5,15181192,GWe,0.00044154224
213089,5,17723486,GWe,0.0004412225
213047,5,17717329,GWe,0.00044120385
203699,5,14541666,GWe,0.00044101218
212104,5,17129146,GWe,0.00044029555
208883,5,16342409,GWe,0.00044021284
213171,5,17806272,GWe,0.00044017562
213114,5,17780145,GWe,0.00043990248
94881,3,3735718,GWe,0.0004396055
207667,5,15878204,GWe,0.00043933323
204564,5,14854178,GWe,0.0004393093
203747,5,14644722,GWe,0.00043926763
210135,5,16694628,GWe,0.00043838946
211683,5,17049496,GWe,0.0004383619
213345,5,17868757,GWe,0.0004381499
212153,5,17165233,GWe,0.00043766314
210112,5,16689404,GWe,0.00043722708
212517,5,17351277,GWe,0.00043715065
212473,5,17300554,GWe,0.00043709835
212196,5,17178423,GWe,0.0004362727
210236,5,16716901,GWe,0.00043611275
207863,5,15921905,GWe,0.00043575617
210195,5,16708266,GWe,0.0004356365
213018,5,17710446,GWe,0.00043543035
210472,5,16747824,GWe,0.00043501434
212647,5,17504789,GWe,0.0004349817
206216,5,15458776,GWe,0.0004345216
207830,5,15916045,GWe,0.00043389402
207736,5,15893032,GWe,0.0004338393
208223,5,16017646,GWe,0.00043362554
207329,5,15758293,GWe,0.0004334466
212283,5,17201660,GWe,0.0004333681
207859,5,15921211,GWe,0.00043309497
204729,5,14894851,GWe,0.0004330466
211906,5,17094642,GWe,0.00043250775
204677,5,14875619,GWe,0.000432458
212913,5,17683540,GWe,0.00043225978
204283,5,14777815,GWe,0.00043222908
213259,5,17849364,GWe,0.00043193196
209965,5,16657624,GWe,0.0004318209
210315,5,16727272,GWe,0.00043181714
208500,5,16128320,GWe,0.00043147334
204613,5,14865725,GWe,0.00043071888
213167,5,17805252,GWe,0.00043033433
208295,5,16041640,GWe,0.00042958598
205969,5,15185946,GWe,0.00042926846
203686,5,14536787,GWe,0.00042886945
211747,5,17066287,GWe,0.00042858464
208131,5,15999387,GWe,0.0004281933
205498,5,15051040,GWe,0.00042777183
204325,5,14783061,GWe,0.00042754662
206421,5,15518547,GWe,0.00042749065
207739,5,15893796,GWe,0.0004274885
204274,5,14757027,GWe,0.0004272856
209015,5,16396968,GWe,0.00042716015
205355,5,15027441,GWe,0.00042712668
213027,5,17711834,GWe,0.00042708073
212681,5,17577654,GWe,0.00042696335
115296,3,17393783,GWe,0.0004267135
207187,5,15725601,GWe,0.00042662662
212280,5,17201269,GWe,0.00042647676
204202,5,14741744,GWe,0.0004264398
206427,5,15519370,GWe,0.000425829
206812,5,15597026,GWe,0.00042550755
207925,5,15934428,GWe,0.00042546328
89533,2,33886918,GWe,0.00042535455
206823,5,15599028,GWe,0.00042524197
205232,5,15005885,GWe,0.0004250914
212653,5,17507747,GWe,0.00042508423
206508,5,15536762,GWe,0.00042498962
207632,5,15866011,GWe,0.000424572
205936,5,15170944,GWe,0.0004244646
212573,5,17425241,GWe,0.00042444226
207748,5,15896803,GWe,0.0004239748
206065,5,15249725,GWe,0.00042389848
212761,5,17635068,GWe,0.00042349214
302013,8,2222677,GWe,0.00042337
212205,5,17179146,GWe,0.00042322034
210251,5,16719984,GWe,0.00042314397
204592,5,14862239,GWe,0.00042304775
203714,5,14637339,GWe,0.0004228623
207751,5,15897112,GWe,0.00042284888
208033,5,15947617,GWe,0.00042273698
208212,5,16016990,GWe,0.00042271113
205843,5,15147356,GWi,0.0004984517
203955,5,14684559,GWi,0.00048617873
210353,5,16730784,GWi,0.00046508538
210348,5,16730403,GWi,0.00046301776
212605,5,17464683,GWi,0.00045628054
213013,5,17709430,GWi,0.0004510096
206695,5,15573290,GWi,0.0004481114
213051,5,17717881,GWi,0.0004461673
212563,5,17415252,GWi,0.00044611827
206843,5,15602935,GWi,0.00043973673
207059,5,15692464,GWi,0.00043707772
204093,5,14722920,GWi,0.00043655853
212627,5,17493443,GWi,0.00043546324
212963,5,17690856,GWi,0.00043514816
212610,5,17466728,GWi,0.0004344674
205811,5,15140834,GWi,0.00043369355
212881,5,17665483,GWi,0.00043255297
210381,5,16733887,GWi,0.00043099254
207128,5,15705772,GWi,0.00043012138
213065,5,17719558,GWi,0.00042952108
206535,5,15538738,GWi,0.0004281674
203735,5,14642915,GWi,0.0004257816
208399,5,16091533,GWi,0.00042541552
203652,5,14397837,GWi,0.00042498996
212895,5,17677908,GWi,0.00042389103
211921,5,17097570,GWi,0.0004229577
206331,5,15495681,GWi,0.00042176756
208503,5,16130435,GWi,0.00042086776
207441,5,15773315,GWi,0.00042057942
207623,5,15864679,GWi,0.0004179698
207563,5,15819961,GWi,0.0004168287
210913,5,16877747,GWi,0.00041674884
203721,5,14638321,GWi,0.00041659392
212111,5,17130855,GWi,0.00041536347
212108,5,17129851,GWi,0.00041475703
213345,5,17868757,GWi,0.00041411916
211677,5,17049224,GWi,0.00041262837
207745,5,15896162,GWi,0.00041050112
212801,5,17644104,GWi,0.00041036916
207326,5,15758195,GWi,0.00040925184
203744,5,14644332,GWi,0.00040919275
206935,5,15652332,GWi,0.00040838678
203853,5,14669264,GWi,0.00040647035
205078,5,14983224,GWi,0.00040618717
205802,5,15139328,GWi,0.0004061265
207653,5,15873493,GWi,0.000405643
203668,5,14425064,GWi,0.0004043709
207833,5,15918034,GWi,0.00040418011
212955,5,17689249,GWi,0.00040413614
210588,5,16776024,GWi,0.00040392383
213134,5,17782656,GWi,0.0004036411
207028,5,15684809,GWi,0.00040334638
213071,5,17719994,GWi,0.00040316943
212613,5,17468327,GWi,0.00040251808
208139,5,16000247,GWi,0.00040216604
212787,5,17642134,GWi,0.000401903
205024,5,14967738,GWi,0.0004018183
203689,5,14538327,GWi,0.00040173257
210312,5,16727010,GWi,0.00040103865
212671,5,17571376,GWi,0.00039973817
204393,5,14812715,GWi,0.00039917242
207487,5,15783569,GWi,0.0003984868
212910,5,17683275,GWi,0.00039805064
207384,5,15764451,GWi,0.00039657694
212823,5,17650358,GWi,0.00039604178
213111,5,17779606,GWi,0.00039539195
211765,5,17070180,GWi,0.00039496514
212027,5,17112429,GWi,0.00039476957
204051,5,14712010,GWi,0.00039457134
210185,5,16706480,GWi,0.00039436223
206168,5,15291625,GWi,0.00039425434
208136,5,15999791,GWi,0.0003941195
207554,5,15819504,GWi,0.00039399907
203959,5,14684926,GWi,0.00039347794
204891,5,14936125,GWi,0.0003931463
211802,5,17076592,GWi,0.00039246966
206717,5,15576548,GWi,0.00039243166
210106,5,16688386,GWi,0.0003921632
205500,5,15051313,GWi,0.0003916246
211669,5,17048772,GWi,0.0003912627
207132,5,15706026,GWi,0.00039122225
206219,5,15459186,GWi,0.0003911754
212059,5,17121788,GWi,0.00039065265
272019,7,5765815,GWi,0.00038968568
204155,5,14735112,GWi,0.00038949505
211687,5,17049913,GWi,0.00038872287
203661,5,14404742,GWi,0.0003880334
204188,5,14740747,GWi,0.00038780973
208219,5,16017295,GWi,0.0003868613
207921,5,15934182,GWi,0.0003867176
212951,5,17688744,GWi,0.00038665364
205371,5,15030310,GWi,0.0003862756
207000,5,15677730,GWi,0.00038601924
203769,5,14648454,GWi,0.00038601254
205808,5,15140480,GWi,0.0003859524
208883,5,16342409,GWi,0.00038570154
207035,5,15687081,GWi,0.00038534042
212157,5,17165463,GWi,0.0003853195
203699,5,14541666,GWi,0.0003849123
207390,5,15765408,GWi,0.00038488946
203941,5,14682411,GWi,0.00038440502
209107,5,16491911,GWi,0.0003841605
206965,5,15659037,GWi,0.0003841511
210114,5,16690059,GWi,0.00038410022
208223,5,16017646,GWi,0.00038408543
213327,5,17866618,GWi,0.00038320947
204635,5,14870092,GWi,0.00038276255
207428,5,15769890,GWi,0.00038273263
212104,5,17129146,GWi,0.0003823489
210135,5,16694628,GWi,0.00038233955
207736,5,15893032,GWi,0.00038184805
207609,5,15842884,GWi,0.00038163317
213080,5,17721874,GWi,0.00038130165
210472,5,16747824,GWi,0.00038118556
205873,5,15152767,GWi,0.0003806546
203747,5,14644722,GWi,0.0003805481
213047,5,17717329,GWi,0.00038017964
212517,5,17351277,GWi,0.00038017568
207751,5,15897112,GWi,0.0003800593
206847,5,15606624,GWi,0.0003800332
213089,5,17723486,GWi,0.00037971497
207739,5,15893796,GWi,0.00037939198
212747,5,17630745,GWi,0.00037915047
212283,5,17201660,GWi,0.00037906264
205954,5,15181192,GWi,0.00037906098
207830,5,15916045,GWi,0.00037903225
207667,5,15878204,GWi,0.00037897643
213167,5,17805252,GWi,0.00037870707
212940,5,17687385,GWi,0.00037790908
208131,5,15999387,GWi,0.0003778654
212153,5,17165233,GWi,0.0003774475
204564,5,14854178,GWi,0.00037736437
206234,5,15467512,GWi,0.00037712185
212647,5,17504789,GWi,0.00037674024
207859,5,15921211,GWi,0.00037653666
212473,5,17300554,GWi,0.00037650412
275021,7,7893732,GWi,0.00037649
204555,5,14853496,GWi,0.0003761566
207329,5,15758293,GWi,0.0003760774
209965,5,16657624,GWi,0.00037598735
213027,5,17711834,GWi,0.00037588968
204567,5,14855824,GWi,0.00037580283
210236,5,16716901,GWi,0.00037579768
207863,5,15921905,GWi,0.0003752677
211906,5,17094642,GWi,0.00037498667
212480,5,17310701,GWi,0.0003745847
207187,5,15725601,GWi,0.000374176
213171,5,17806272,GWi,0.0003741063
211683,5,17049496,GWi,0.00037362488
206508,5,15536762,GWi,0.0003735113
212280,5,17201269,GWi,0.00037337127
206216,5,15458776,GWi,0.00037322182
213259,5,17849364,GWi,0.00037292216
207828,5,15915406,GWi,0.00037277705
210315,5,16727272,GWi,0.00037195793
206427,5,15519370,GWi,0.0003716584
205498,5,15051040,GWi,0.00037107695
212196,5,17178423,GWi,0.0003710459
213018,5,17710446,GWi,0.00037095154
208295,5,16041640,GWi,0.0003705974
205507,5,15054206,GWi,0.00037049426
206065,5,15249725,GWi,0.00037006786
210195,5,16708266,GWi,0.00036996105
205232,5,15005885,GWi,0.0003697696
212653,5,17507747,GWi,0.0003696077
212913,5,17683540,GWi,0.00036943864
208500,5,16128320,GWi,0.00036928756
207365,5,15762494,GWi,0.00036918023
204613,5,14865725,GWi,0.00036892542
206823,5,15599028,GWi,0.0003685653
212681,5,17577654,GWi,0.00036848686
213114,5,17780145,GWi,0.00036846718
207748,5,15896803,GWi,0.000368382
204729,5,14894851,GWi,0.0003683673
207925,5,15934428,GWi,0.00036832062
210112,5,16689404,GWi,0.00036826704
206564,5,15541089,GWi,0.0003682199
111161,3,15770793,GWi,0.00036771144
206812,5,15597026,GWi,0.00036697896
277329,7,10541089,GWi,0.00036678516
205969,5,15185946,GWi,0.00036675486
205663,5,15085784,GWi,0.00036647142
212081,5,17125152,GWi,0.00036627057
210251,5,16719984,GWi,0.000366243
211747,5,17066287,GWi,0.00036615256
208033,5,15947617,GWi,0.00036607988
212890,5,17677136,GWi,0.0003660229
209015,5,16396968,GWi,0.0003659952
203686,5,14536787,GWi,0.00036591853
205959,5,15182907,GWi,0.0003659064
207967,5,15939369,GWi,0.00036585916
212205,5,17179146,GWi,0.0003656974
206815,5,15597728,GWi,0.00036536058
206165,5,15288989,GWi,0.00036535782
204297,5,14779740,GWi,0.00036512248
205355,5,15027441,GWi,0.00036489672
205840,5,15146446,GWi,0.0003648444
213021,5,17710797,GWi,0.00036470732
212573,5,17425241,GWi,0.00036453942
212798,5,17643113,GWi,0.00036450542
302013,8,2222677,HD,0.00040433972
300673,8,835337,HD,0.00036287846
301701,8,1636234,HD,0.00036014093
307449,8,5633952,HD,0.0003593855
307497,8,5673782,HD,0.00035563586
301757,8,1936327,HD,0.00035157293
301132,8,956581,HD,0.0003470911
301725,8,1757538,HD,0.0003466216
300853,8,878507,HD,0.00034254818
300689,8,838346,HD,0.00034084442
307973,8,6043326,HD,0.00033649782
305141,8,3949009,HD,0.00033469056
308733,8,8499580,HD,0.0003339265
301242,8,1106743,HD,0.0003338234
301579,8,1592924,HD,0.0003327234
309858,8,8927707,HD,0.00033152776
308951,8,8575473,HD,0.00032948123
301168,8,966697,HD,0.00032947396
301659,8,1623374,HD,0.0003288449
448005,12,1282132,HD,0.00032826283
304775,8,3730373,HD,0.00032690924
305169,8,3956848,HD,0.00032498015
308259,8,7090784,HD,0.00032358215
300982,8,908778,HD,0.00032347816
301453,8,1470470,HD,0.00032339545
306883,8,5241859,HD,0.00032209372
301589,8,1596690,HD,0.00032192012
301525,8,1537750,HD,0.0003218319
307954,8,6025287,HD,0.0003206246
301663,8,1624259,HD,0.00032058154
301554,8,1575367,HD,0.00032050916
307969,8,6037854,HD,0.00032048812
307982,8,6054737,HD,0.0003194703
308601,8,8427266,HD,0.0003190587
301160,8,964172,HD,0.00031726406
201857,5,10457859,HD,0.0003167994
301498,8,1527084,HD,0.00031678774
452117,12,4217649,HD,0.0003150086
302003,8,2210632,HD,0.00031408435
308619,8,8447443,HD,0.0003124351
300883,8,888505,HD,0.00031232586
3814,1,3744792,HD,0.0003122972
4160,1,5063863,HD,0.00031218867
301471,8,1511848,HD,0.00031094815
307970,8,6038008,HD,0.00031093488
7954,1,7623447,HD,0.00031092443
7937,1,7617276,HD,0.0003105524
4497,1,5507279,HD,0.00030834542
300985,8,910351,HD,0.00030790875
308276,8,7275906,HD,0.00030789297
87489,2,31003233,HD,0.00030748424
301009,8,918585,HD,0.00030735682
447714,12,1113148,HD,0.0003069739
301975,8,2202439,HD,0.0003063981
301313,8,1154655,HD,0.00030613443
301970,8,2201821,HD,0.00030571086
301769,8,1968894,HD,0.00030561385
309444,8,8761081,HD,0.00030507837
305868,8,4420174,HD,0.00030502205
308412,8,7683842,HD,0.00030493835
94881,3,3735718,HD,0.0003045491
307985,8,6057603,HD,0.00030410182
308256,8,7070598,HD,0.00030284264
201370,5,9342357,HD,0.00030234846
308538,8,8315828,HD,0.00030204962
310284,8,9046355,HD,0.0003014051
201921,5,11414823,HD,0.0003009959
301028,8,925560,HD,0.0003008361
301842,8,2079226,HD,0.000300328
308681,8,8487168,HD,0.0003001797
303397,8,3194073,HD,0.00030001055
450449,12,3487844,HD,0.0002995712
8914,1,9366816,HD,0.00029929256
306461,8,4877291,HD,0.00029900955
201536,5,9436237,HD,0.00029851796
305133,8,3947269,HD,0.00029775815
308324,8,7433893,HD,0.00029662778
305315,8,4011044,HD,0.00029569835
308730,8,8499490,HD,0.00029558744
305191,8,3962511,HD,0.00029534462
305129,8,3946011,HD,0.00029523484
8924,1,9378396,HD,0.0002950396
301501,8,1528636,HD,0.0002947675
96376,3,5705791,HD,0.00029473688
7078,1,6988150,HD,0.0002933213
306431,8,4858437,HD,0.00029329705
301263,8,1132309,HD,0.0002932531
1898,1,1319483,HD,0.0002932457
307276,8,5549697,HD,0.0002932268
1941,1,1340238,HD,0.00029254556
201409,5,9355980,HD,0.0002925067
6092,1,6545000,HD,0.00029247982
301142,8,958985,HD,0.00029225933
195405,5,7702282,HD,0.00029174416
300844,8,877157,HD,0.00029139683
301753,8,1916397,HD,0.0002912266
300925,8,899222,HD,0.00029052133
308609,8,8434665,HD,0.00029051115
302200,8,2776757,HD,0.00029015256
9450,1,10878144,HD,0.00028983472
8883,1,9347464,HD,0.0002895004
307278,8,5550096,HD,0.00028934164
7980,1,7635160,HD,0.00028920354
309821,8,8918866,HD,0.0002891907
303391,8,3191437,HD,0.00028915043
306154,8,4661090,HD,0.00028891055
301595,8,1598023,HD,0.0002888762
2857,1,2363278,HD,0.00028875034
7810,1,7562652,HD,0.00028860205
201777,5,9584647,HD,0.000286824
305881,8,4502691,HD,0.0002851777
308546,8,8329175,HD,0.0002851748
303902,8,3327861,HD,0.00028493564
301291,8,1140840,HD,0.0002848836
5881,1,6407051,HD,0.00028483095
301763,8,1956999,HD,0.0002847466
308813,8,8528459,HD,0.0002846678
307548,8,5734015,HD,0.00028450013
307783,8,5923432,HD,0.00028448735
195829,5,7844200,HD,0.00028437597
308629,8,8454581,HD,0.00028426579
8162,1,7757708,HD,0.00028425772
308406,8,7679703,HD,0.0002842253
301369,8,1227061,HD,0.0002840699
301444,8,1453170,HD,0.00028400493
7645,1,7454521,HD,0.00028399102
309136,8,8639902,HD,0.00028394334
200700,5,9061652,HD,0.0002838996
201873,5,10729895,HD,0.0002838195
308464,8,7830274,HD,0.00028373732
6882,1,6844429,HD,0.0002837191
302094,8,2436488,HD,0.0002837043
310257,8,9019976,HD,0.00028363266
305523,8,4082871,HD,0.00028362192
309606,8,8852425,HD,0.0002834733
2491,1,1986199,HD,0.00028342253
301690,8,1630797,HD,0.00028325513
308648,8,8480859,HD,0.00028312812
7501,1,7140282,HD,0.0002829898
197299,5,8184932,HD,0.00028261036
308459,8,7817106,HD,0.00028242962
308378,8,7609283,HD,0.0002823901
2997,1,2644098,HD,0.00028209726
301063,8,934878,HD,0.00028188585
301430,8,1313842,HD,0.000281689
2814,1,2247827,HD,0.00028155532
308238,8,6937670,HD,0.0002815236
7928,1,7613660,HD,0.00028148672
308241,8,6940384,HD,0.00028148384
301021,8,923908,HD,0.00028140508
196589,5,8005577,HD,0.00028137097
7946,1,7619805,HD,0.00028133707
302090,8,2429785,HD,0.00028127618
198763,5,8536386,HD,0.00028124166
303586,8,3268713,HD,0.00028085842
449865,12,3337649,HD,0.0002807783
307185,8,5473119,HD,0.00028072283
310253,8,9016643,HD,0.00028065304
1593,1,1071680,HD,0.00028061276
300670,8,833780,HD,0.00028055848
97935,3,7197987,HD,0.00028044166
308747,8,8503780,HD,0.00028016983
300776,8,865707,HD,0.0002800803
8577,1,9041039,HD,0.00028000242
300668,8,833180,HD,0.0002798621
307761,8,5903917,HD,0.0002798277
301106,8,947579,HD,0.0002796585
301245,8,1110219,HD,0.0002796116
201373,5,9343192,HD,0.0002795919
307645,8,5796912,HD,0.00027949145
89533,2,33886918,HD,0.00027948257
301985,8,2204838,HD,0.00027939366
303500,8,3236038,HD,0.0002790998
300905,8,894274,HD,0.00027908318
2478,1,1985083,HD,0.0002790763
302193,8,2772389,HD,0.0002790242
200925,5,9151820,HD,0.00027898917
7952,1,7622703,HD,0.0002788256
308218,8,6765215,HD,0.00027869147
305928,8,4542421,HD,0.00027827002
301773,8,1975467,HD,0.00027823556
301818,8,2073371,HD,0.00027800063
356377,9,20429869,HD,0.0002778618
301053,8,932404,HD,0.0002777562
7663,1,7466223,HD,0.0002777206
308678,8,8485993,HD,0.0002776072
597,1,326062,HD,0.000277503
8304,1,8789156,HD,0.00027745377
6687,1,6729378,HD,0.0002773185
392,1,261293,HD,0.00027729946
302325,8,2880089,HD,0.00027703727
358405,9,21485308,HD,0.0002769114
308012,8,6102921,HD,0.00027687114
309500,8,8775958,HD,0.0002766267
309312,8,8674882,HD,0.0002766171
6247,1,6605137,HD,0.00027661384
301060,8,933830,HD,0.0002766008
302727,8,2998259,HD,0.00027645868
301200,8,1088399,HD,0.00027640635
301764,8,1960500,HD,0.0002762581
302013,8,2222677,PH,0.0005282162
300673,8,835337,PH,0.00050763704
307497,8,5673782,PH,0.0005009807
307449,8,5633952,PH,0.0005005898
307973,8,6043326,PH,0.0004907792
301701,8,1636234,PH,0.00047973945
301132,8,956581,PH,0.000479083
300689,8,838346,PH,0.0004739278
301725,8,1757538,PH,0.00047376656
308733,8,8499580,PH,0.00047288774
308951,8,8575473,PH,0.00046248344
305169,8,3956848,PH,0.00046020723
301659,8,1623374,PH,0.0004598289
301663,8,1624259,PH,0.00045857774
301242,8,1106743,PH,0.00045772802
307954,8,6025287,PH,0.000454221
301525,8,1537750,PH,0.00045098484
305141,8,3949009,PH,0.00045071036
306883,8,5241859,PH,0.00045056106
308259,8,7090784,PH,0.00044956172
300853,8,878507,PH,0.00044866308
301579,8,1592924,PH,0.00044705332
308601,8,8427266,PH,0.00044522763
301471,8,1511848,PH,0.00044395193
301589,8,1596690,PH,0.00044383036
300982,8,908778,PH,0.0004434081
309858,8,8927707,PH,0.00044228166
301009,8,918585,PH,0.00044190366
301554,8,1575367,PH,0.00044174935
308276,8,7275906,PH,0.00044151244
301757,8,1936327,PH,0.00044094308
304775,8,3730373,PH,0.0004375319
308412,8,7683842,PH,0.00043225216
301453,8,1470470,PH,0.00043073596
301498,8,1527084,PH,0.00042978235
302003,8,2210632,PH,0.00042892716
300985,8,910351,PH,0.0004284309
307985,8,6057603,PH,0.00042800294
4497,1,5507279,PH,0.00042640275
308681,8,8487168,PH,0.0004255683
305868,8,4420174,PH,0.00042467474
301769,8,1968894,PH,0.00042264094
308619,8,8447443,PH,0.00042212996
301168,8,966697,PH,0.00042143607
300883,8,888505,PH,0.0004211041
301970,8,2201821,PH,0.00042109648
301160,8,964172,PH,0.00042107792
301975,8,2202439,PH,0.00042037468
301753,8,1916397,PH,0.00041928352
301501,8,1528636,PH,0.00041689046
302200,8,2776757,PH,0.00041642642
306461,8,4877291,PH,0.0004161962
310284,8,9046355,PH,0.00041582872
301263,8,1132309,PH,0.00041539894
301690,8,1630797,PH,0.0004135618
308256,8,7070598,PH,0.00041268943
301028,8,925560,PH,0.000411921
448005,12,1282132,PH,0.00041170054
305191,8,3962511,PH,0.00041144938
305133,8,3947269,PH,0.0004112703
301313,8,1154655,PH,0.00040873495
305129,8,3946011,PH,0.0004086009
307276,8,5549697,PH,0.00040808896
303391,8,3191437,PH,0.0004072589
307969,8,6037854,PH,0.00040675164
307982,8,6054737,PH,0.00040619491
308747,8,8503780,PH,0.00040600565
308324,8,7433893,PH,0.00040595108
301842,8,2079226,PH,0.00040584092
303397,8,3194073,PH,0.00040580504
305315,8,4011044,PH,0.00040534278
308629,8,8454581,PH,0.00040511924
309821,8,8918866,PH,0.00040374958
9450,1,10878144,PH,0.00040356567
309444,8,8761081,PH,0.00040315877
301985,8,2204838,PH,0.00040268793
301021,8,923908,PH,0.0004024804
306431,8,4858437,PH,0.00040189075
2857,1,2363278,PH,0.0004016776
300844,8,877157,PH,0.00040074263
308549,8,8329694,PH,0.0004005644
301369,8,1227061,PH,0.0003997121
7078,1,6988150,PH,0.00039962624
307536,8,5726251,PH,0.0003985508
301595,8,1598023,PH,0.0003984252
309136,8,8639902,PH,0.00039819584
301763,8,1956999,PH,0.00039815874
301063,8,934878,PH,0.00039784485
452117,12,4217649,PH,0.00039760492
3814,1,3744792,PH,0.00039749933
308546,8,8329175,PH,0.00039719258
300925,8,899222,PH,0.00039708195
306154,8,4661090,PH,0.00039694153
307970,8,6038008,PH,0.00039678012
308538,8,8315828,PH,0.00039655468
300668,8,833180,PH,0.00039604073
302193,8,2772389,PH,0.0003958906
4160,1,5063863,PH,0.0003952746
1898,1,1319483,PH,0.00039521253
308813,8,8528459,PH,0.00039521122
307548,8,5734015,PH,0.00039475533
301444,8,1453170,PH,0.00039445155
307783,8,5923432,PH,0.0003940954
302094,8,2436488,PH,0.00039385463
308730,8,8499490,PH,0.0003935684
308459,8,7817106,PH,0.00039327802
301291,8,1140840,PH,0.00039285482
301348,8,1204396,PH,0.00039285095
308741,8,8502885,PH,0.00039282985
301142,8,958985,PH,0.00039210383
308609,8,8434665,PH,0.0003918729
301245,8,1110219,PH,0.00039134224
307185,8,5473119,PH,0.0003912987
310257,8,9019976,PH,0.00039100304
301148,8,960420,PH,0.0003908477
302599,8,2955157,PH,0.0003907198
307645,8,5796912,PH,0.00039052765
305928,8,4542421,PH,0.00039012052
308218,8,6765215,PH,0.00038990309
300905,8,894274,PH,0.0003898199
308241,8,6940384,PH,0.00038963766
305523,8,4082871,PH,0.00038939153
87489,2,31003233,PH,0.00038917756
305881,8,4502691,PH,0.00038882307
300733,8,858442,PH,0.00038845054
308464,8,7830274,PH,0.00038753546
302090,8,2429785,PH,0.00038742574
307122,8,5449254,PH,0.00038730077
300771,8,864242,PH,0.00038726014
301106,8,947579,PH,0.0003872012
447714,12,1113148,PH,0.00038715868
201857,5,10457859,PH,0.00038679608
309312,8,8674882,PH,0.00038626566
96376,3,5705791,PH,0.000386228
308406,8,7679703,PH,0.0003858263
300670,8,833780,PH,0.00038560375
306509,8,5014920,PH,0.00038542246
300776,8,865707,PH,0.00038536024
307278,8,5550096,PH,0.00038533416
301200,8,1088399,PH,0.00038530145
310253,8,9016643,PH,0.00038505276
303902,8,3327861,PH,0.00038493238
302325,8,2880089,PH,0.0003842525
301773,8,1975467,PH,0.00038378497
6092,1,6545000,PH,0.00038270705
308725,8,8497832,PH,0.00038269034
307761,8,5903917,PH,0.0003823715
7810,1,7562652,PH,0.00038211365
305247,8,3981176,PH,0.0003818418
301310,8,1152319,PH,0.00038164062
301812,8,2071769,PH,0.0003815776
308238,8,6937670,PH,0.00038129458
8883,1,9347464,PH,0.00038111603
5881,1,6407051,PH,0.00038091475
305793,8,4209920,PH,0.00038066437
307212,8,5480218,PH,0.0003805902
300819,8,873170,PH,0.00038053343
303500,8,3236038,PH,0.00038039577
301376,8,1282290,PH,0.00038007327
306100,8,4637194,PH,0.00037990042
7954,1,7623447,PH,0.00037989297
305848,8,4353699,PH,0.00037952847
306250,8,4699584,PH,0.00037947675
308249,8,7030248,PH,0.00037937806
7501,1,7140282,PH,0.0003793431
201921,5,11414823,PH,0.00037913077
201370,5,9342357,PH,0.00037895562
308954,8,8576940,PH,0.00037794939
308409,8,7681756,PH,0.000377716
309500,8,8775958,PH,0.00037764534
2841,1,2323296,PH,0.00037743387
8162,1,7757708,PH,0.00037725255
308678,8,8485993,PH,0.00037691699
306186,8,4671044,PH,0.00037681774
307942,8,6015280,PH,0.0003766928
301522,8,1535957,PH,0.00037666847
1593,1,1071680,PH,0.00037648185
305498,8,4080702,PH,0.0003759437
307966,8,6037138,PH,0.0003759215
306085,8,4630969,PH,0.00037563313
8914,1,9366816,PH,0.0003756032
308378,8,7609283,PH,0.00037553487
7980,1,7635160,PH,0.00037546194
303586,8,3268713,PH,0.00037524253
597,1,326062,PH,0.00037515257
301345,8,1203894,PH,0.0003749754
304117,8,3374520,PH,0.00037483705
307273,8,5548718,PH,0.0003746922
173273,4,20371303,PH,0.00037456548
173225,4,20276999,PH,0.00037452503
301010,8,919234,PH,0.00037442025
300847,8,877390,PH,0.0003743342
310278,8,9044908,PH,0.00037429534
307457,8,5634586,PH,0.0003741187
310029,8,8966307,PH,0.00037409985
2814,1,2247827,PH,0.00037390096
308507,8,8161310,PH,0.00037355715
2478,1,1985083,PH,0.0003734528
450449,12,3487844,PH,0.00037344574
309865,8,8928290,PH,0.00037295645
111161,3,15770793,PL,0.00045898752
179741,4,30318743,PL,0.00045862692
184070,5,1298775,PL,0.00044984542
176103,4,22636357,PL,0.00044230663
175199,4,21835390,PL,0.00043328144
108688,3,14625088,PL,0.0004189022
115993,3,18131485,PL,0.0004169457
111096,3,15596676,PL,0.0004154215
181157,4,31449324,PL,0.00040912972
111149,3,15769092,PL,0.0004076638
179973,4,30448990,PL,0.00040646
182832,5,481443,PL,0.00040537002
175795,4,22458546,PL,0.00040301663
112382,3,16687104,PL,0.00040140306
175717,4,22202121,PL,0.00039514725
175833,4,22470067,PL,0.00039482472
179587,4,30176150,PL,0.0003932401
175293,4,21899236,PL,0.00039284246
179949,4,30438406,PL,0.0003907077
180367,4,31117680,PL,0.00038838843
115296,3,17393783,PL,0.0003875827
111073,3,15591642,PL,0.00038507188
115711,3,17971984,PL,0.00038382373
115640,3,17880756,PL,0.0003832002
115110,3,17363340,PL,0.000382054
175751,4,22243112,PL,0.00038044815
182827,5,468215,PL,0.00037991567
110209,3,15200404,PL,0.00037989672
108738,3,14652701,PL,0.00037961834
176408,4,23190876,PL,0.00037726352
108745,3,14653541,PL,0.00037699542
180339,4,31092728,PL,0.00037616238
175163,4,21820268,PL,0.00037531732
177148,4,23465604,PL,0.00037289938
179861,4,30404532,PL,0.00037241774
179735,4,30311603,PL,0.00037215868
107290,3,13835304,PL,0.0003720964
182835,5,485090,PL,0.00037073327
175319,4,21910243,PL,0.00036943136
108659,3,14620683,PL,0.00036923322
113293,3,16875844,PL,0.0003686835
110191,3,15197956,PL,0.00036796433
176369,4,23181373,PL,0.00036746933
114463,3,17199966,PL,0.00036514545
181279,4,31517599,PL,0.00036455574
181196,4,31466743,PL,0.00036363024
111427,3,15833530,PL,0.0003618779
176126,4,22650905,PL,0.0003617734
177121,4,23443384,PL,0.0003617487
183745,5,1001753,PL,0.00036093287
182838,5,495395,PL,0.0003601453
176057,4,22610508,PL,0.00036013385
175285,4,21897233,PL,0.00035987425
175335,4,21930254,PL,0.0003589215
176008,4,22575723,PL,0.00035716113
110214,3,15201366,PL,0.00035651398
180597,4,31228838,PL,0.0003554724
111179,3,15772789,PL,0.00035494263
180463,4,31163552,PL,0.00035443396
178695,4,29514206,PL,0.0003539301
181561,4,31781768,PL,0.00035380924
175431,4,21984538,PL,0.00035286188
179565,4,30062199,PL,0.00035262763
175122,4,21803437,PL,0.00035253764
109640,3,14953752,PL,0.00035226461
176115,4,22640709,PL,0.00035112308
181575,4,31789451,PL,0.00035056903
178116,4,27842330,PL,0.00035000194
175481,4,22028852,PL,0.00034939064
114065,3,17107913,PL,0.000347994
180389,4,31128157,PL,0.00034789753
183547,5,920874,PL,0.00034700666
181505,4,31742767,PL,0.0003469599
180116,4,30551553,PL,0.00034672904
182710,5,285337,PL,0.00034637883
182134,4,33443699,PL,0.0003463432
109857,3,15030742,PL,0.00034628392
180356,4,31110730,PL,0.00034592007
180364,4,31116914,PL,0.00034508042
182487,5,57684,PL,0.00034481162
181915,4,32378657,PL,0.0003443606
178516,4,28459549,PL,0.00034393277
115681,3,17915606,PL,0.00034349342
115625,3,17873859,PL,0.00034325692
177875,4,24911882,PL,0.00034245316
182220,4,34331791,PL,0.00034193663
180519,4,31195753,PL,0.00034190252
180473,4,31168587,PL,0.00034180022
110917,3,15523640,PL,0.00034168016
182869,5,528054,PL,0.00034140976
182634,5,187328,PL,0.00034099462
182637,5,188582,PL,0.00034093836
115060,3,17355815,PL,0.0003406965
184200,5,1443173,PL,0.00034066875
184227,5,1448409,PL,0.0003395166
108663,3,14621178,PL,0.00033896096
175967,4,22544887,PL,0.00033838034
111726,3,15879245,PL,0.00033822897
176013,4,22579817,PL,0.0003380929
111053,3,15587346,PL,0.00033791817
175419,4,21977986,PL,0.00033782708
109608,3,14936196,PL,0.0003375917
177185,4,23477845,PL,0.00033710673
179946,4,30437504,PL,0.00033701234
111065,3,15589153,PL,0.0003364751
175829,4,22468794,PL,0.0003353965
184027,5,1250429,PL,0.00033537627
175604,4,22081780,PL,0.00033508873
182866,5,526370,PL,0.00033499312
176567,4,23228959,PL,0.00033478107
183283,5,806041,PL,0.0003346902
176039,4,22598153,PL,0.00033431043
180469,4,31164365,PL,0.00033403642
114468,3,17202056,PL,0.00033383965
180309,4,31081148,PL,0.00033368223
179732,4,30308413,PL,0.00033361986
176623,4,23242266,PL,0.00033359558
115661,3,17901197,PL,0.00033358805
174902,4,21631499,PL,0.00033294855
182824,5,466593,PL,0.0003327531
110206,3,15199663,PL,0.00033259593
180641,4,31243954,PL,0.000332589
114874,3,17310890,PL,0.0003325769
183503,5,898455,PL,0.00033217078
112292,3,16664372,PL,0.00033197066
179955,4,30440610,PL,0.0003313434
179939,4,30434350,PL,0.00033106547
178730,4,29739277,PL,0.00032978354
113801,3,17052678,PL,0.0003296094
174873,4,21623005,PL,0.00032901863
116245,3,18266469,PL,0.0003289689
179723,4,30295568,PL,0.0003286245
112855,3,16777466,PL,0.00032861216
176647,4,23246608,PL,0.00032807855
176100,4,22636099,PL,0.00032802884
183703,5,986323,PL,0.0003277866
108741,3,14652982,PL,0.0003274488
176036,4,22596130,PL,0.0003272832
112465,3,16700638,PL,0.0003271484
175099,4,21788805,PL,0.00032698628
109247,3,14827181,PL,0.00032687033
177162,4,23471862,PL,0.0003268569
181063,4,31410339,PL,0.00032605807
175714,4,22195766,PL,0.00032594474
182887,5,551619,PL,0.0003256435
178678,4,29512214,PL,0.00032519063
183222,5,764107,PL,0.00032476158
182521,5,97599,PL,0.0003247381
114101,3,17117732,PL,0.00032468283
181999,4,33068333,PL,0.00032457412
175903,4,22490456,PL,0.00032447284
182214,4,34126237,PL,0.0003244303
114158,3,17125676,PL,0.00032441068
182863,5,525423,PL,0.00032414548
182788,5,354007,PL,0.0003237204
180342,4,31094400,PL,0.00032289245
181275,4,31516515,PL,0.0003223235
113428,3,16904547,PL,0.00032217483
180661,4,31255193,PL,0.0003220383
179643,4,30236575,PL,0.0003218472
183299,5,812017,PL,0.00032177765
176136,4,22656700,PL,0.0003214999
176129,4,22652767,PL,0.00032130108
182794,5,359728,PL,0.00032125117
181626,4,31855560,PL,0.00032121106
179004,4,29833160,PL,0.00032100352
180445,4,31149473,PL,0.00032088673
181738,4,31932306,PL,0.0003208139
179814,4,30387037,PL,0.00032069773
107106,3,13749895,PL,0.00032015485
181668,4,31902516,PL,0.0003200948
175477,4,22028204,PL,0.00031989373
183235,5,770121,PL,0.00031968683
183584,5,939557,PL,0.0003193949
181912,4,32375455,PL,0.00031889704
180305,4,31080532,PL,0.00031846686
180987,4,31374111,PL,0.00031820216
175458,4,21993946,PL,0.00031815897
182070,4,33398970,PL,0.00031784104
180448,4,31150535,PL,0.00031784043
174896,4,21629316,PL,0.00031753822
176590,4,23235936,PL,0.0003174445
179644,4,30236648,PL,0.00031724744
181154,4,31449117,PL,0.0003171882
182681,5,249954,PL,0.0003171798
178686,4,29513113,PL,0.0003170226
178508,4,28311975,PL,0.00031699796
175311,4,21907118,PL,0.0003169768
175924,4,22512132,PL,0.0003167744
177144,4,23463030,PL,0.00031677232
114091,3,17117274,PL,0.00031672616
180103,4,30548507,PL,0.00031666722
178689,4,29513389,PL,0.00031660992
114571,3,17251851,PL,0.00031650392
175560,4,22066966,PL,0.00031640913
180419,4,31142545,PL,0.0003163521
174754,4,21547818,PL,0.00031622846
175103,4,21789822,PL,0.0003161281
183997,5,1199184,PL,0.00031604755
114734,3,17285212,PL,0.00031593032
205843,5,15147356,PN,0.00051063084
213345,5,17868757,PN,0.000505125
210353,5,16730784,PN,0.0004915816
212081,5,17125152,PN,0.0004881126
210348,5,16730403,PN,0.0004812685
203853,5,14669264,PN,0.0004612766
210381,5,16733887,PN,0.00046058622
203955,5,14684559,PN,0.00045231194
212605,5,17464683,PN,0.0004507365
207563,5,15819961,PN,0.00044684403
213220,5,17832118,PN,0.0004372728
212823,5,17650358,PN,0.00043725249
203689,5,14538327,PN,0.00043693156
207365,5,15762494,PN,0.00043451326
207554,5,15819504,PN,0.00043400942
210913,5,16877747,PN,0.00042966832
207751,5,15897112,PN,0.00042919413
212627,5,17493443,PN,0.00042715005
211765,5,17070180,PN,0.00042678183
208308,5,16043158,PN,0.0004265265
205802,5,15139328,PN,0.00042636762
210588,5,16776024,PN,0.0004217611
207757,5,15898822,PN,0.00041893934
208223,5,16017646,PN,0.0004165823
204093,5,14722920,PN,0.00041617118
204188,5,14740747,PN,0.00041510514
206292,5,15487116,PN,0.00041492094
207833,5,15918034,PN,0.00041458404
209751,5,16609454,PN,0.0004144232
208109,5,15995555,PN,0.00041425976
211677,5,17049224,PN,0.00041248358
204891,5,14936125,PN,0.00041195223
204393,5,14812715,PN,0.000410506
207828,5,15915406,PN,0.00041036928
203735,5,14642915,PN,0.00040837025
212653,5,17507747,PN,0.00040809868
205024,5,14967738,PN,0.0004075314
207384,5,15764451,PN,0.00040608886
207106,5,15703009,PN,0.0004041552
213168,5,17805479,PN,0.00040415057
206965,5,15659037,PN,0.00040386585
212837,5,17652782,PN,0.0004031752
208089,5,15992595,PN,0.00040285595
213013,5,17709430,PN,0.00040262198
206843,5,15602935,PN,0.00040235487
213303,5,17859746,PN,0.00040134796
213167,5,17805252,PN,0.00040116027
212563,5,17415252,PN,0.00040041425
212881,5,17665483,PN,0.00039978293
205507,5,15054206,PN,0.0003994768
207441,5,15773315,PN,0.0003990322
213120,5,17781312,PN,0.00039880857
206564,5,15541089,PN,0.00039836968
207745,5,15896162,PN,0.00039755693
208131,5,15999387,PN,0.00039732023
205811,5,15140834,PN,0.0003966659
207059,5,15692464,PN,0.00039640584
203744,5,14644332,PN,0.00039602627
207853,5,15920220,PN,0.00039480452
208191,5,16015014,PN,0.000391752
207308,5,15753869,PN,0.0003916399
212111,5,17130855,PN,0.00039161736
204613,5,14865725,PN,0.00039156718
208883,5,16342409,PN,0.0003911109
206535,5,15538738,PN,0.00039052631
212108,5,17129851,PN,0.0003904278
210135,5,16694628,PN,0.00038981854
207769,5,15901159,PN,0.00038923143
213171,5,17806272,PN,0.00038873704
208210,5,16016549,PN,0.00038825633
212895,5,17677908,PN,0.00038752452
212059,5,17121788,PN,0.00038664212
205862,5,15151144,PN,0.00038657698
206331,5,15495681,PN,0.00038594787
211669,5,17048772,PN,0.00038557648
213259,5,17849364,PN,0.00038531795
212610,5,17466728,PN,0.00038443896
211365,5,16987929,PN,0.00038403147
211581,5,17032054,PN,0.00038401628
210501,5,16750597,PN,0.00038390365
209965,5,16657624,PN,0.00038387688
212801,5,17644104,PN,0.00038380775
208503,5,16130435,PN,0.0003836745
203747,5,14644722,PN,0.00038352446
209064,5,16476746,PN,0.00038342722
212671,5,17571376,PN,0.00038328077
203668,5,14425064,PN,0.00038306648
204991,5,14958185,PN,0.00038281814
208105,5,15995299,PN,0.00038240876
212636,5,17498702,PN,0.00038200707
207086,5,15698057,PN,0.00038193303
206065,5,15249725,PN,0.0003819165
212517,5,17351277,PN,0.0003817775
205371,5,15030310,PN,0.00038149903
203959,5,14684926,PN,0.00038146527
206911,5,15648811,PN,0.00038082918
212714,5,17598636,PN,0.00038058127
213027,5,17711834,PN,0.00038052842
213155,5,17801344,PN,0.0003802106
213183,5,17807561,PN,0.0003801909
207859,5,15921211,PN,0.00038016803
208139,5,16000247,PN,0.00037988691
212104,5,17129146,PN,0.0003798833
203721,5,14638321,PN,0.00037926095
205255,5,15009653,PN,0.00037905862
206935,5,15652332,PN,0.00037895818
210472,5,16747824,PN,0.00037833807
212890,5,17677136,PN,0.00037823184
212283,5,17201660,PN,0.00037796792
207530,5,15816036,PN,0.00037756443
203941,5,14682411,PN,0.0003765258
213051,5,17717881,PN,0.0003760361
207830,5,15916045,PN,0.0003759143
213065,5,17719558,PN,0.00037576977
210467,5,16746486,PN,0.00037568988
205277,5,15012795,PN,0.00037442023
206508,5,15536762,PN,0.00037440727
213134,5,17782656,PN,0.00037395852
206815,5,15597728,PN,0.00037354775
204888,5,14935644,PN,0.0003734273
203699,5,14541666,PN,0.0003729808
207128,5,15705772,PN,0.00037284903
207326,5,15758195,PN,0.00037283267
208295,5,16041640,PN,0.0003719299
204035,5,14709246,PN,0.00037173234
210106,5,16688386,PN,0.00037166095
211861,5,17089737,PN,0.00037095774
212631,5,17495484,PN,0.00037092116
212711,5,17596507,PN,0.00036959062
208219,5,16017295,PN,0.00036948267
207653,5,15873493,PN,0.00036938817
210498,5,16750201,PN,0.0003693289
203849,5,14668469,PN,0.00036928666
208399,5,16091533,PN,0.00036907734
212834,5,17652537,PN,0.00036884684
205969,5,15185946,PN,0.00036843139
212787,5,17642134,PN,0.00036823927
208055,5,15962641,PN,0.0003681761
205500,5,15051313,PN,0.00036812612
206695,5,15573290,PN,0.00036745003
205300,5,15019341,PN,0.00036693495
212857,5,17659526,PN,0.00036675885
204051,5,14712010,PN,0.00036666883
213186,5,17807796,PN,0.0003661223
212280,5,17201269,PN,0.00036599705
207251,5,15746088,PN,0.00036598637
211796,5,17075659,PN,0.00036506302
205284,5,15014367,PN,0.00036370472
207845,5,15919493,PN,0.00036307986
207551,5,15819062,PN,0.00036286775
207868,5,15922293,PN,0.00036278594
212003,5,17109071,PN,0.0003624408
206095,5,15253085,PN,0.00036217071
205185,5,14997454,PN,0.00036209897
212647,5,17504789,PN,0.00036183876
205462,5,15042755,PN,0.00036109792
205078,5,14983224,PN,0.00036077452
206765,5,15585690,PN,0.0003607126
210591,5,16776438,PN,0.00036055848
209445,5,16548158,PN,0.0003604993
210201,5,16709204,PN,0.00036042152
213255,5,17849015,PN,0.00036038464
207702,5,15885789,PN,0.00036035894
209137,5,16498417,PN,0.00036018476
210302,5,16724984,PN,0.00035996365
206893,5,15644789,PN,0.00035966942
207736,5,15893032,PN,0.00035952302
213111,5,17779606,PN,0.00035949302
207748,5,15896803,PN,0.0003594154
210255,5,16720208,PN,0.00035928702
210505,5,16751346,PN,0.00035868044
205256,5,15009749,PN,0.00035851297
212831,5,17651415,PN,0.00035842194
211883,5,17091613,PN,0.00035824787
205840,5,15146446,PN,0.00035821338
208475,5,16120773,PN,0.00035732848
211433,5,17002623,PN,0.00035719198
204567,5,14855824,PN,0.0003570934
210312,5,16727010,PN,0.00035708226
208102,5,15994711,PN,0.00035581432
206529,5,15538153,PN,0.00035567736
204635,5,14870092,PN,0.00035558298
206511,5,15536883,PN,0.00035531752
210772,5,16828920,PN,0.0003551839
203938,5,14682168,PN,0.00035494918
211172,5,16950546,PN,0.00035490558
212963,5,17690856,PN,0.0003548746
207548,5,15818465,PN,0.00035482226
211825,5,17082902,PN,0.00035481082
207739,5,15893796,PN,0.00035468533
210640,5,16787435,PN,0.0003546851
207000,5,15677730,PN,0.00035455
205333,5,15023373,PN,0.00035437322
208500,5,16128320,PN,0.0003543523
206016,5,15224111,PN,0.00035416798
207187,5,15725601,PN,0.00035407228
207921,5,15934182,PN,0.0003539204
212383,5,17223067,PN,0.00035381544
206823,5,15599028,PN,0.0003537933
212613,5,17468327,PN,0.00035367874
431817,11,20831743,SSR,0.00042790995
429929,11,19627373,SSR,0.00041716595
448005,12,1282132,SSR,0.00038085773
435743,11,22856366,SSR,0.00037871482
452117,12,4217649,SSR,0.00037740674
430275,11,19928609,SSR,0.0003766815
428371,11,18996825,SSR,0.0003738001
430279,11,19930200,SSR,0.00037212056
432921,11,21350206,SSR,0.00036698754
435613,11,22653878,SSR,0.00036426366
428429,11,19028183,SSR,0.00036231295
435945,11,23010876,SSR,0.00035983854
426928,11,18552829,SSR,0.0003578165
431814,11,20831093,SSR,0.0003560721
434737,11,22174992,SSR,0.00035234189
447714,12,1113148,SSR,0.0003520735
430931,11,20338353,SSR,0.00035157564
428281,11,18953789,SSR,0.0003514963
431697,11,20673470,SSR,0.00035053596
430303,11,19937149,SSR,0.00034969414
432021,11,20911053,SSR,0.00034960275
427203,11,18635936,SSR,0.00034956535
427320,11,18678459,SSR,0.0003495577
427200,11,18627510,SSR,0.00034938575
426989,11,18569710,SSR,0.00034882416
430878,11,20188690,SSR,0.00034698445
429533,11,19387042,SSR,0.0003463387
429609,11,19427637,SSR,0.0003460168
435029,11,22280130,SSR,0.00034512236
450449,12,3487844,SSR,0.00034489547
435805,11,22913858,SSR,0.00034438615
432557,11,21101502,SSR,0.0003439596
432505,11,21086582,SSR,0.00034166468
431987,11,20903982,SSR,0.00034130347
429923,11,19624184,SSR,0.00034051947
432501,11,21085461,SSR,0.0003386084
435375,11,22542556,SSR,0.00033785542
431298,11,20549483,SSR,0.0003375595
427792,11,18813788,SSR,0.00033618187
446845,12,756255,SSR,0.0003361241
428413,11,19021059,SSR,0.00033582456
432916,11,21346681,SSR,0.00033504772
449865,12,3337649,SSR,0.00033452848
434777,11,22217098,SSR,0.00033368764
429549,11,19395121,SSR,0.00033356523
431759,11,20680809,SSR,0.00033332012
435836,11,22930537,SSR,0.00033206455
429413,11,19327692,SSR,0.00033198713
435139,11,22455009,SSR,0.00033190005
434733,11,22171385,SSR,0.0003314495
435849,11,22948990,SSR,0.0003311588
430300,11,19936521,SSR,0.00033106518
434742,11,22176008,SSR,0.00033099172
426842,11,18535842,SSR,0.00033098026
428508,11,19060239,SSR,0.00033047242
427383,11,18700552,SSR,0.00033026736
431797,11,20811362,SSR,0.00032871423
427623,11,18773252,SSR,0.00032814548
431835,11,20841065,SSR,0.0003271878
432025,11,20911427,SSR,0.0003269519
433953,11,21822715,SSR,0.00032687536
434060,11,21903076,SSR,0.00032654355
429133,11,19253642,SSR,0.00032629975
430190,11,19859294,SSR,0.0003256085
433249,11,21468296,SSR,0.00032548216
431570,11,20618675,SSR,0.000324568
430193,11,19860238,SSR,0.0003244897
436349,11,23259982,SSR,0.00032437564
446557,12,618663,SSR,0.00032434985
429007,11,19229441,SSR,0.00032390252
427232,11,18644535,SSR,0.00032373652
428037,11,18882812,SSR,0.00032364987
447919,12,1180067,SSR,0.0003229111
426699,11,18503993,SSR,0.00032264122
429395,11,19324972,SSR,0.0003222488
433417,11,21490804,SSR,0.00032210135
454071,12,7025292,SSR,0.00032197475
429621,11,19440124,SSR,0.0003217655
432925,11,21350779,SSR,0.00032173516
431617,11,20642562,SSR,0.00032156226
428278,11,18953641,SSR,0.00032105602
427640,11,18774452,SSR,0.00032081731
427089,11,18593327,SSR,0.00032039074
451423,12,3712466,SSR,0.00032022042
433665,11,21619636,SSR,0.00032013332
436096,11,23101520,SSR,0.0003194568
432169,11,20950523,SSR,0.0003194316
447927,12,1191968,SSR,0.000319254
429651,11,19462256,SSR,0.00031912784
428685,11,19121397,SSR,0.00031906753
435649,11,22665098,SSR,0.00031881646
205843,5,15147356,SSR,0.00031864294
447244,12,978134,SSR,0.00031770085
427614,11,18770149,SSR,0.00031653096
430197,11,19870073,SSR,0.0003163959
435917,11,23003617,SSR,0.00031617144
429553,11,19395778,SSR,0.00031608157
436264,11,23176025,SSR,0.00031586856
431913,11,20867105,SSR,0.00031579344
433595,11,21522730,SSR,0.00031545394
430715,11,20130433,SSR,0.00031527478
433599,11,21523146,SSR,0.00031524932
428972,11,19222100,SSR,0.0003151949
428786,11,19172594,SSR,0.00031481954
435112,11,22441881,SSR,0.00031481637
454043,12,6992228,SSR,0.00031463892
435370,11,22538743,SSR,0.00031463554
428286,11,18956609,SSR,0.00031428112
428713,11,19132299,SSR,0.0003137957
432444,11,21056957,SSR,0.00031359942
428261,11,18949002,SSR,0.00031335512
434707,11,22155902,SSR,0.0003128398
431226,11,20521350,SSR,0.00031252726
435538,11,22634037,SSR,0.0003124545
446803,12,750141,SSR,0.00031219723
429811,11,19555250,SSR,0.00031178287
448869,12,3020294,SSR,0.0003117688
435372,11,22539270,SSR,0.0003114799
429537,11,19388501,SSR,0.0003114213
431923,11,20874905,SSR,0.00031135534
431538,11,20613128,SSR,0.0003109963
426835,11,18534773,SSR,0.00031068476
447035,12,836417,SSR,0.00030999538
431709,11,20674588,SSR,0.0003094443
432571,11,21138886,SSR,0.00030922669
429406,11,19326447,SSR,0.00030909962
434575,11,22067491,SSR,0.00030882884
429589,11,19419148,SSR,0.00030839906
427759,11,18806479,SSR,0.00030833296
435921,11,23005037,SSR,0.00030830494
432018,11,20910780,SSR,0.00030829688
427486,11,18734060,SSR,0.00030782318
432789,11,21274022,SSR,0.00030642125
429714,11,19503850,SSR,0.00030624415
432655,11,21206139,SSR,0.0003060071
435142,11,22456152,SSR,0.000305982
434650,11,22137490,SSR,0.0003059423
431661,11,20650469,SSR,0.00030582203
433217,11,21463929,SSR,0.00030548737
433225,11,21465951,SSR,0.00030496626
430798,11,20176413,SSR,0.00030474705
434704,11,22154043,SSR,0.0003047242
435109,11,22441005,SSR,0.00030460677
435879,11,22983358,SSR,0.00030404204
449929,12,3380701,SSR,0.0003039436
434385,11,22002508,SSR,0.00030377178
429705,11,19499117,SSR,0.00030366183
432760,11,21245469,SSR,0.0003035372
431765,11,20692716,SSR,0.0003035245
435391,11,22548468,SSR,0.00030327396
434392,11,22006260,SSR,0.0003026797
431635,11,20645532,SSR,0.00030263167
434007,11,21841266,SSR,0.0003025274
429122,11,19250963,SSR,0.00030252125
426986,11,18568697,SSR,0.00030251595
426747,11,18511927,SSR,0.00030250166
431807,11,20828917,SSR,0.00030221549
432536,11,21092117,SSR,0.00030216138
446723,12,735765,SSR,0.00030190792
432420,11,21053731,SSR,0.00030190227
429125,11,19251538,SSR,0.00030142567
431314,11,20552789,SSR,0.00030136725
436079,11,23084302,SSR,0.00030130128
427379,11,18698164,SSR,0.00030087755
434806,11,22222712,SSR,0.00030039457
429482,11,19341809,SSR,0.0003001714
212081,5,17125152,SSR,0.00030005668
447667,12,1103463,SSR,0.000299985
449899,12,3374354,SSR,0.0002999706
449647,12,3169996,SSR,0.00029986116
427829,11,18821863,SSR,0.0002996914
428511,11,19062798,SSR,0.00029944975
436185,11,23129451,SSR,0.0002993633
435889,11,22986385,SSR,0.00029934116
428660,11,19112835,SSR,0.00029933662
435212,11,22487581,SSR,0.00029921066
434653,11,22137713,SSR,0.0002991409
435857,11,22954075,SSR,0.00029904165
429783,11,19541697,SSR,0.00029874287
435148,11,22457753,SSR,0.0002987427
449836,12,3298371,SSR,0.00029870114
431136,11,20497662,SSR,0.0002978971
432539,11,21092774,SSR,0.0002977464
426809,11,18530122,SSR,0.0002977351
435423,11,22562351,SSR,0.00029752424
446525,12,610901,SSR,0.00029704825
430666,11,20088208,SSR,0.00029668974
428561,11,19079787,SSR,0.00029637635
429815,11,19558333,SSR,0.00029626847
431689,11,20672844,SSR,0.00029568814
446112,12,322734,SSR,0.00029561293
429504,11,19348683,SSR,0.00029554544
428980,11,19224286,SSR,0.000295396
433002,11,21374090,SSR,0.0002953437
428337,11,18984753,SSR,0.0002952743
450536,12,3510679,SSR,0.00029515743
432758,11,21245061,SSR,0.00029512987
432838,11,21320506,SSR,0.00029507908
432232,11,20965980,SSR,0.00029475705
427160,11,18619017,SSR,0.00029444994
97193,3,6448030,YPP,0.0003163416
97935,3,7197987,YPP,0.00031294787
105241,3,12235272,YPP,0.0003016643
105043,3,11606720,YPP,0.00029793681
106537,3,13113054,YPP,0.0002974085
101197,3,9315700,YPP,0.00029628526
173273,4,20371303,YPP,0.0002945489
103736,3,10628869,YPP,0.00029402945
173225,4,20276999,YPP,0.00029279882
103081,3,10057020,YPP,0.0002824488
99143,3,8728844,YPP,0.00028072225
104202,3,11111760,YPP,0.00028016657
99647,3,8891763,YPP,0.00027982987
98013,3,7565097,YPP,0.00027967774
173475,4,20664661,YPP,0.0002793181
98217,3,8075317,YPP,0.00027856775
104355,3,11241641,YPP,0.0002775182
97391,3,6782347,YPP,0.00027697062
97205,3,6451383,YPP,0.00027680089
165117,4,17467874,YPP,0.000276599
104311,3,11207306,YPP,0.00027504956
171861,4,19374490,YPP,0.00027421795
100397,3,9120108,YPP,0.00027378864
104359,3,11250897,YPP,0.0002732363
105805,3,12675297,YPP,0.00027318683
98936,3,8603852,YPP,0.00027307656
105365,3,12399767,YPP,0.00027276328
102123,3,9644778,YPP,0.00027263004
105062,3,11642849,YPP,0.00027235254
100337,3,9092071,YPP,0.00027135035
100146,3,9038009,YPP,0.00026914335
99140,3,8720011,YPP,0.00026888517
172161,4,19461146,YPP,0.00026840225
173252,4,20298096,YPP,0.0002679989
102029,3,9612173,YPP,0.00026740332
173233,4,20281713,YPP,0.00026725998
101269,3,9326924,YPP,0.00026701542
99125,3,8710534,YPP,0.00026638227
173217,4,20257198,YPP,0.00026551483
173485,4,20683410,YPP,0.00026311912
97152,3,6434197,YPP,0.0002624721
98298,3,8215590,YPP,0.00026208477
97896,3,7106892,YPP,0.0002619862
105093,3,11672905,YPP,0.0002618312
172889,4,19738552,YPP,0.00026090725
103566,3,10456170,YPP,0.00026058685
104319,3,11211990,YPP,0.0002604249
106157,3,12817516,YPP,0.00025998603
100174,3,9043805,YPP,0.0002599208
100314,3,9087732,YPP,0.00025967552
172164,4,19462193,YPP,0.00025936548
101941,3,9582897,YPP,0.00025905413
103934,3,10874700,YPP,0.00025891853
106089,3,12745645,YPP,0.00025880014
103088,3,10059541,YPP,0.00025830817
105480,3,12546714,YPP,0.00025822336
105635,3,12637984,YPP,0.00025784975
165833,4,17671952,YPP,0.0002575707
105200,3,12075938,YPP,0.00025745918
104557,3,11355948,YPP,0.0002567452
105745,3,12662483,YPP,0.00025665518
103264,3,10222517,YPP,0.00025658243
104441,3,11305231,YPP,0.00025644645
100177,3,9044704,YPP,0.00025623993
104013,3,10948890,YPP,0.000256113
98201,3,8054707,YPP,0.0002560581
97103,3,6417447,YPP,0.00025566944
98253,3,8087009,YPP,0.00025559473
104349,3,11231162,YPP,0.000255562
102902,3,9939237,YPP,0.00025555576
103729,3,10610070,YPP,0.00025542363
105071,3,11653190,YPP,0.0002552359
98149,3,8004882,YPP,0.00025510654
101987,3,9591499,YPP,0.00025483873
97348,3,6755543,YPP,0.00025483005
103473,3,10405907,YPP,0.00025473806
171382,4,19281785,YPP,0.0002546405
166933,4,18225914,YPP,0.0002544044
277329,7,10541089,YPP,0.000254376
97899,3,7111025,YPP,0.00025431698
105526,3,12582006,YPP,0.00025316566
100489,3,9144071,YPP,0.0002526336
173482,4,20681388,YPP,0.0002525011
104009,3,10943534,YPP,0.00025235824
105468,3,12535741,YPP,0.00025234572
97335,3,6736555,YPP,0.00025223705
99562,3,8875002,YPP,0.0002522154
104356,3,11247496,YPP,0.00025216097
98309,3,8228596,YPP,0.00025191906
98265,3,8108344,YPP,0.0002518512
105289,3,12266752,YPP,0.00025167796
102506,3,9739842,YPP,0.00025161737
172665,4,19546739,YPP,0.00025161274
102424,3,9716245,YPP,0.00025141847
172661,4,19546543,YPP,0.00025128902
99121,3,8694487,YPP,0.00025075927
102297,3,9686712,YPP,0.00025031634
104381,3,11266616,YPP,0.00025029475
105149,3,11711023,YPP,0.0002502455
98179,3,8038650,YPP,0.0002499347
99925,3,8961235,YPP,0.0002499239
105464,3,12533302,YPP,0.0002497504
105049,3,11612074,YPP,0.00024956473
212081,5,17125152,YPP,0.00024950397
165189,4,17477551,YPP,0.00024940044
429929,11,19627373,YPP,0.00024934846
173516,4,20712625,YPP,0.00024920903
102489,3,9737725,YPP,0.0002491154
98621,3,8411955,YPP,0.0002490579
103355,3,10300684,YPP,0.000249
101733,3,9442524,YPP,0.00024888778
452117,12,4217649,YPP,0.0002488325
102235,3,9677079,YPP,0.0002486072
165028,4,17280175,YPP,0.0002485866
103845,3,10779934,YPP,0.0002484512
97501,3,6884716,YPP,0.00024843827
103931,3,10872433,YPP,0.00024840113
431817,11,20831743,YPP,0.0002480987
103441,3,10370990,YPP,0.00024802232
102541,3,9759516,YPP,0.00024787913
173151,4,20074729,YPP,0.0002478021
102194,3,9668710,YPP,0.000247065
171959,4,19427809,YPP,0.00024703887
103865,3,10814971,YPP,0.00024684434
99731,3,8915808,YPP,0.00024676495
165105,4,17466202,YPP,0.0002459993
103445,3,10375638,YPP,0.00024591797
172657,4,19546210,YPP,0.00024543624
99559,3,8874566,YPP,0.00024535324
165769,4,17664696,YPP,0.00024525597
102054,3,9620068,YPP,0.00024525129
102843,3,9919348,YPP,0.00024509054
98085,3,7847520,YPP,0.0002449959
103914,3,10853089,YPP,0.0002448558
169333,4,18739789,YPP,0.00024468568
97667,3,6928345,YPP,0.00024437442
97493,3,6882684,YPP,0.00024436146
173681,4,21022705,YPP,0.00024429912
102795,3,9897972,YPP,0.00024427482
97535,3,6893745,YPP,0.00024362952
98285,3,8135427,YPP,0.00024359372
102780,3,9886560,YPP,0.00024349922
97606,3,6914151,YPP,0.00024336603
106480,3,13017469,YPP,0.00024334792
97939,3,7200591,YPP,0.00024228836
105438,3,12516446,YPP,0.00024217581
205843,5,15147356,YPP,0.0002421719
98650,3,8418176,YPP,0.00024205302
272019,7,5765815,YPP,0.00024202534
105258,3,12247106,YPP,0.00024191987
276622,7,10002100,YPP,0.0002417395
103719,3,10595901,YPP,0.00024172144
104709,3,11411932,YPP,0.0002415443
166063,4,17877129,YPP,0.00024147403
97061,3,6412296,YPP,0.00024120773
104882,3,11500451,YPP,0.00024085774
102436,3,9718310,YPP,0.00024083172
105262,3,12249454,YPP,0.00024073792
105521,3,12579108,YPP,0.00024066171
105348,3,12363395,YPP,0.0002403627
104452,3,11311011,YPP,0.00024027596
104316,3,11210318,YPP,0.00024005916
105219,3,12176843,YPP,0.00023994654
103409,3,10336519,YPP,0.00023983949
173489,4,20686551,YPP,0.00023968818
165265,4,17493081,YPP,0.0002396513
104813,3,11461592,YPP,0.00023964478
173332,4,20493857,YPP,0.0002396163
97180,3,6445978,YPP,0.0002391601
103377,3,10310805,YPP,0.00023900188
102359,3,9698579,YPP,0.0002388761
102026,3,9609988,YPP,0.0002386709
174490,4,21421430,YPP,0.00023854044
174493,4,21422332,YPP,0.00023826816
102294,3,9686439,YPP,0.00023826488
448005,12,1282132,YPP,0.00023816779
170341,4,19015080,YPP,0.00023813685
103744,3,10661177,YPP,0.00023802268
165003,4,17195108,YPP,0.00023784608
97747,3,6946788,YPP,0.000237827
99716,3,8913516,YPP,0.00023780417
104385,3,11267787,YPP,0.00023777483
99921,3,8961037,YPP,0.00023770884
106121,3,12758394,YPP,0.00023754897
173655,4,21016743,YPP,0.0002375322
168829,4,18652382,YPP,0.0002375114
100117,3,9029718,YPP,0.00023746928
103700,3,10564558,YPP,0.00023744482
105167,3,11829477,YPP,0.00023709469
98100,3,7854667,YPP,0.00023663587
97909,3,7130019,YPP,0.00023634298
105245,3,12241732,YPP,0.00023629986
97255,3,6683770,YPP,0.00023629382
102736,3,9846211,YPP,0.00023598062
100532,3,9153034,YPP,0.00023594103
97975,3,7316609,YPP,0.00023592614
173079,4,19942280,YPP,0.00023584488
106531,3,13107988,YPP,0.0002356559
166164,4,17912906,YPP,0.00023560898
100322,3,9089273,YPP,0.00023543798
