LINE,YPP,PN,GNPP,SSR,GWe,FLL,HD,PH,PL,GL,GWi,FLW
Z1,62.34,11,257.1,0.89,27.22,37.77,84,124,26.82,8.42,2.83,2.2
Z2,35.47,12,165.7,0.77,25.67,30.33,121,98.3,20.76,8.34,2.88,2.1
Z3,59.87,18,183.8,0.77,25.42,39.67,93,128.3,28.76,9.5,2.49,2
Z4,53.65,18,182.8,0.74,24.62,34.67,93,127.7,27.32,9.5,2.37,1.97
Z5,48.96,14,172.4,0.81,28.32,37,78,113.7,24,9.6,2.61,2.07
Z6,47.29,14,172.2,0.75,27.52,51.67,85,118.7,26.88,10.06,2.48,2.1
Z7,54.64,17,128.2,0.95,27.38,37,114,105.7,24.12,8.17,2.92,2.13
Z8,32.99,10,152.3,0.75,31.15,32,59,105,24.82,9.94,2.69,1.87
Z9,53.18,16,171.4,0.84,24.38,40,116,111.3,24.54,8.45,2.8,2.03
Z10,49.33,15,179.5,0.68,29.02,39.17,75,111,25.2,9.54,2.55,2.13
Z11,54.27,13,213.9,0.77,28.5,38.33,91,121.3,23.38,9.6,2.47,1.77
Z12,40.85,15,196.8,0.6,24.77,51.5,83,122.7,25.7,9.34,2.42,1.77
Z13,21.97,13,172.7,0.47,24.53,41.67,126,98.7,20.82,8.32,2.83,2.07
Z14,36.04,14,156.9,0.76,22.85,29,126,94.7,21.7,8.53,2.71,1.97
Z15,76.88,17,230.6,0.74,28.13,44.83,78,122,26.82,8.61,3.01,2.2
Z16,55.08,13,231.7,0.74,26.82,31.33,127,94.3,22.46,8.35,3.02,2.07
Z17,46.39,12,184.6,0.87,25.52,40.5,77,131,26.54,8.61,2.69,2.23
Z18,54.76,16,191,0.7,27.28,41.17,89,121,24.54,8.12,3.07,1.97
Z19,40.37,14,157.7,0.78,24.7,30.67,127,101,21.66,8.79,2.86,2.13
Z20,65.44,16,191,0.8,27.47,46.67,83,128.7,31.8,10.32,2.51,1.83
Z21,84.21,17,219.9,0.8,30.25,44,83,132.7,26.1,8.31,3.16,2.13
Z22,62.66,15,175,0.93,28.03,39,79,123.7,24.24,8.92,2.94,2.17
Z23,45.65,14,180.5,0.71,27.02,41.33,81,119.3,25.8,8.65,2.82,2.13
Z24,54.87,18,195.9,0.68,25.72,41.83,79,113.7,24.74,8.56,2.72,2.1
Z25,47.74,12,199.2,0.72,30.25,41.83,85,121,25.82,8.57,3.13,1.93
Z26,38.81,10,177.6,0.81,27.58,32.33,125,110.7,22.74,8.11,3.17,2.1
Z27,55.59,14,164.4,0.9,28.18,40.33,115,113,24.9,8.13,3.17,2.17
Z28,71.84,19,213.1,0.74,25.28,41.5,82,117,26.68,8.69,2.75,1.77
Z29,56.82,20,183.1,0.73,23.15,36.17,80,119,24.12,8.53,2.61,1.87
Z30,54.15,15,163.2,0.86,27.6,40.67,90,122,27.06,8.74,2.83,1.97
Z31,39.15,14,236.5,0.5,24.43,32.5,80,114.3,25.86,8.51,2.75,1.8
Z32,54.97,14,219.1,0.9,21.37,34.83,78,109,26.1,8.82,2.36,1.93
Z33,48.93,14,270.2,0.61,23.57,40,77,116,24.08,9.09,2.5,1.87
Z34,65.63,17,223.9,0.77,24.17,35.5,86,117,27.86,8.31,2.77,1.97
Z35,37.3,14,188.4,0.7,21.22,33.33,74,97.3,22.12,7.97,2.57,1.73
Z36,49.14,16,201.7,0.71,22.98,35.5,79,116.3,26.06,9.23,2.31,1.67
Z37,50.39,15,272.3,0.61,21.42,40.33,80,120.3,28.04,9.25,2.27,1.9
Z38,70.66,20,249.8,0.65,22.98,37.67,76,115.7,29.22,9.26,2.31,1.87
Z39,54.5,17,215.8,0.76,20.03,37.83,75,120.3,23.84,8.26,2.34,2.03
Z40,35.65,13,218.4,0.65,21,43.5,75,117,27.6,9.38,2.25,1.87
Z41,49.16,14,262.1,0.61,23.82,40.17,79,116,24.62,9.03,2.56,2.2
Z42,51.89,15,230.3,0.81,20.07,36.33,120,98.3,23.44,7.99,2.54,2.27
Z43,82.68,17,214.5,0.89,26.95,40,80,119.7,30.4,8.81,2.75,2.13
Z44,49.9,16,163.1,0.88,22.48,34,74,107,24.3,8.66,2.46,1.6
Z45,49.62,15,166.1,0.8,27.48,34.33,80,113.7,23.72,9.87,2.6,1.6
Z46,60.35,16,168.9,0.83,28.93,38.83,85,116.3,25.04,9.9,2.63,2.03
Z47,43.99,18,214.6,0.57,20.72,32.83,76,108,23.04,8.49,2.37,1.83
Z48,43.87,17,186.5,0.67,22.13,36.5,76,106,22.34,8.09,2.68,1.7
Z49,43.73,17,177.6,0.78,19.53,33.67,80,117,24.88,8.19,2.38,1.83
Z50,57.58,23,163.8,0.62,26.68,36.17,87,121.3,26.18,9.94,2.49,2.1
Z51,49.95,15,209.1,0.72,23.57,45,87,120.3,26.62,9.46,2.31,1.67
Z52,52.21,18,173.4,0.69,26.02,40.5,79,118.3,27.44,8.83,2.78,1.77
Z53,40.64,18,167.1,0.57,25.93,36.17,78,122,25.18,9.85,2.52,1.87
Z54,41.6,18,168.5,0.6,24.72,43.67,80,119,27.42,10.17,2.37,1.8
Z55,58.62,18,174.7,0.77,25.13,48.5,80,114.3,24.6,8.67,2.7,1.83
Z56,61.01,18,190.4,0.69,27.73,40,78,118,26.56,9.86,2.6,1.87
Z57,57.37,14,219.1,0.75,26.9,40.33,86,123,25.08,9.46,2.56,2.23
Z58,47.26,18,208.6,0.58,22.95,39,79,119,26.84,8.71,2.56,1.8
Z59,44.12,16,149.5,0.86,23.02,41,127,104,23.02,9.19,2.6,1.63
Z60,59.72,17,200,0.7,26.95,44.83,79,113.7,25.6,9.89,2.52,1.83
Z61,46.68,15,150.7,0.77,27.83,36.18,80,114.3,24.2,9.89,2.54,1.77
Z62,56.62,15,220.9,0.75,24.83,37.5,81,111.3,23.26,9.33,2.49,2.03
Z63,37.9,14,157.3,0.71,26.6,34.33,77,114.3,23.12,9.74,2.68,1.87
Z64,44.27,15,165.9,0.71,27.18,39.5,78,116.3,24.26,9.79,2.57,1.77
Z65,56.59,16,182.6,0.82,25.2,38.17,80,111,24,8.6,2.76,2.2
Z66,51.9,16,162.8,0.79,27.48,42.33,80,111.7,22.82,9.89,2.63,2.03
Z67,56.39,16,157.4,0.75,32.23,44.33,81,109.3,24.48,10.43,2.65,1.93
Z68,37.55,14,150.5,0.83,24,29.67,127,96.7,21.4,8.51,2.73,1.9
Z69,37.64,15,173.7,0.68,23.27,34,124,94,19.96,8.45,3,1.9
Z70,55.02,13,218.5,0.72,28.52,39.83,78,113.3,25.1,9.79,2.7,1.93
Z71,43.56,16,173.3,0.64,25.6,26.33,65,104.7,22.66,9.76,2.55,1.63
Z72,42.12,13,180.6,0.81,24,27.33,120,88,23.76,7.87,2.91,1.77
Z73,33.5,18,125.1,0.61,25.5,37.67,126,88.7,22.34,8.26,2.96,1.69
Z74,52.44,18,177.1,0.84,21.88,32.33,126,84.7,22.1,8.2,2.73,2.03
Z75,32.95,15,192.6,0.57,20,32,72,101,23.18,8.02,2.38,1.73
Z76,54.64,20,182.6,0.76,20.37,29.5,74,100.3,24.3,8.29,2.43,1.63
Z77,40.84,17,143.4,0.77,22.98,37.5,73,112.7,22.96,8.46,2.58,1.6
Z78,45.24,12,161.2,0.82,31.87,44.83,79,120.7,24.78,8.56,3.27,2.13
Z79,52.67,16,204.9,0.7,24.82,36,78,112,27.58,8.8,2.63,1.8
Z80,53.99,17,213,0.66,25.18,39.67,83,117,25.86,9.66,2.46,1.8
Z81,41.39,15,238.6,0.57,21.95,36.17,77,113,24.62,8.84,2.39,1.7
Z82,56.1,17,208.9,0.71,24.13,37.67,85,119.3,27.86,8.64,2.57,1.83
Z83,42.64,15,189.1,0.72,21.97,39.5,77,117,24.24,8.27,2.45,1.83
Z84,58.63,20,208.4,0.66,21.62,42.67,80,121.7,24.42,9.32,2.29,1.83
Z85,44.44,19,159,0.68,23.12,30.33,78,111.3,23.8,9.11,2.35,1.8
Z86,59.36,18,197.1,0.77,22.9,35.33,81,120.7,27.1,8.6,2.56,1.9
Z87,43.2,14,221.6,0.67,21.67,39,78,126.7,25.76,9.37,2.28,2.1
Z88,51.71,16,211.8,0.64,25.53,44.5,80,116.7,26.52,9.8,2.43,1.83
Z89,74.97,23,153.9,0.85,26.53,39.17,80,110.3,22.9,9.81,2.5,1.9
Z90,51.52,15,134.9,0.89,30.37,46.5,78,117.3,27.1,9.5,2.9,2
Z91,68.31,17,221.8,0.81,23.42,39.67,78,120,27.96,9.19,2.49,2
Z92,46.56,15,233.7,0.6,22.7,41.67,84,122.7,26.94,8.99,2.46,2.2
Z93,48.07,17,197.3,0.7,21.82,34,77,116.7,25.44,9.11,2.27,1.83
Z94,25.8,13,165.9,0.66,20.28,38.33,128,93.7,24.28,8.89,2.29,1.6
Z95,64,17,212.8,0.77,24.48,38.67,85,119.7,25.46,9.24,2.46,2.17
Z96,44.99,17,139.3,0.78,25.58,31.33,77,116.3,23.36,9.67,2.61,1.87
Z97,45.8,19,176.1,0.64,23.02,35,80,120,26,8.98,2.47,1.87
Z98,49.09,18,152.6,0.7,27.8,35,80,115.3,23.58,9.59,2.63,1.93
Z99,62.98,17,178.5,0.77,28.98,42.83,79,121.3,24.24,9.97,2.56,2.13
Z100,55.42,18,197.4,0.79,20.8,32.5,80,118.3,26.2,8.64,2.37,1.77
Z101,71.76,21,191,0.8,23.17,33.67,84,118,23.8,8.71,2.59,1.9
Z102,42.16,13,211.2,0.69,23.67,43.67,79,124,25.9,9.69,2.41,1.97
Z103,44.32,13,176.2,0.69,30.53,48.23,85,125.7,29.62,9.84,2.77,1.83
Z104,35.15,15,177.5,0.66,22.85,30.67,131,85.7,24.04,8.53,2.65,2.1
Z105,52.24,13,186.2,0.83,27,36.83,81,122.3,26.32,8.94,2.73,2
Z106,41.39,18,159.8,0.73,22.23,34,129,88.7,24.14,8.61,2.55,2.07
Z107,33.9,12,165.3,0.74,24.28,31.67,67,114.3,23.18,8.73,2.53,1.67
Z108,36.97,14,181.1,0.71,22.7,32.67,127,87.3,21.72,8.41,2.67,2.03
Z109,47.84,13,145.7,0.85,32.05,43.67,84,119,27.12,9.01,3.08,2.17
Z110,48.45,13,189.2,0.77,27.23,42.83,86,125,30.02,10,2.49,1.9
Z111,45.23,17,148.9,0.85,21.6,30,117,102.7,22.86,8.25,2.61,1.93
Z112,58.57,18,183.7,0.8,23.55,26,116,106.3,24.46,8.39,2.66,1.83
Z113,37.48,18,124.4,0.79,23.63,30,128,87.7,19.66,8.37,2.93,1.8
Z114,42.16,14,234.3,0.57,24.53,41.17,83,119.3,28.98,9.11,2.52,1.93
Z115,43.5,14,191.4,0.65,25.42,40,72,114.7,27.22,9.67,2.36,1.7
Z116,47.14,17,170.1,0.81,22.23,30.33,128,96.7,22.38,8.13,2.81,1.83
Z117,46.04,16,168.4,0.78,23.87,34.67,128,88.3,23.56,8.31,2.74,1.9
Z118,26.74,13,147.8,0.82,18.43,32,131,93.7,23.34,8.69,2.37,1.77
Z119,48.64,12,212.3,0.72,28.47,40.33,78,119.7,25.92,8.64,2.91,2.13
Z120,42.77,17,147.2,0.83,21.68,32.33,124,95.7,23.36,8.89,2.48,1.73
Z121,39.67,17,140.5,0.9,19.82,46,86,118.3,25.32,8.41,2.33,1.63
Z122,29.99,14,179.4,0.58,21.97,34.67,129,86,21.36,7.78,2.73,1.83
Z123,38.53,12,152.1,0.73,32.6,43,82,123,27.28,9.47,3.05,2.1
Z124,35.87,13,192.1,0.63,24.4,36.5,77,116,26.74,9.24,2.51,1.9
Z125,57.27,15,189.2,0.78,27.88,39.33,90,109,23.56,8.09,3.1,1.87
Z126,50.16,14,171.8,0.87,26.25,40.83,79,123,25.14,8.78,2.74,1.83
Z127,72.15,18,148.7,0.89,33.02,44.5,81,119.7,25.52,9.54,2.94,1.93
Z128,46.99,15,176.8,0.74,25.52,38.33,115,106.7,23.44,8.85,2.69,2.03
Z129,39.83,15,140.1,0.87,22.98,29,78,120.7,20.4,8.36,2.62,1.9
Z130,51.23,19,186.7,0.76,20.27,39,77,114.7,24.28,8.47,2.47,1.6
Z131,54.04,15,201.5,0.84,22.37,39.33,126,104,25.56,8.24,2.68,2.03
Z132,46.19,21,135.1,0.78,23.2,40.67,77,115,23.78,8.56,2.53,1.77
Z133,69.13,17,197,0.79,27.6,52.17,89,117.3,28.96,8.92,3,2.23
Z134,41.61,14,186.7,0.62,29,53.33,87,125,28.26,8.91,2.92,2.23
Z135,48.31,15,148.8,0.83,28.73,42.67,85,124.3,26.32,9.07,2.77,2.17
Z136,71.24,17,172.4,0.91,30.27,45.5,83,121.7,26.58,8.99,3.03,2.17
Z137,53.73,13,224.5,0.66,29.98,50.33,80,123.3,29.1,8.92,3.02,2.17
Z138,46.61,12,155,0.87,31.97,45.33,84,133,25,9.01,3.05,2.23
Z139,53.07,15,176.9,0.82,27.98,39.5,88,125,27.34,8.83,2.89,2
Z140,57.19,14,163.7,0.81,31.9,41.33,89,135,27.76,8.9,2.97,2
Z141,48.55,18,131.9,0.7,31.63,40.33,85,123,26.02,9.05,3.06,2
Z142,45.16,14,134.4,0.84,31.35,49.83,89,124.7,26.38,9.23,2.98,1.9
Z143,41.57,11,182.2,0.83,28.32,40.83,88,121,29.48,9.77,2.64,1.83
Z144,50.44,14,149.2,0.84,32.85,43.1,83,120.3,28.28,9.39,3.1,1.97
Z145,39.94,12,171.5,0.73,29.13,49.17,86,125.7,27.04,9.17,2.84,2.1
Z146,41.62,15,164.4,0.68,26.48,42.67,76,120.3,26.84,9.76,2.57,1.67
Z147,43.37,14,144.9,0.83,28.02,38,87,124.3,25.56,8.84,2.89,1.97
Z148,37.95,11,202.4,0.68,27.23,45.33,84,120,26.84,8.83,2.84,1.93
Z149,36.05,12,160.8,0.73,28.45,49.33,86,110.3,24.14,9.79,2.7,1.93
Z150,37.88,11,141.7,0.9,28.2,42.67,100,118.3,24.4,8.69,2.87,1.73
Z151,37,14,149.2,0.76,26.23,35.33,74,115,23.82,8.66,2.75,1.8
Z152,58.96,18,186.6,0.62,32.08,36.33,84,123.7,29.84,10.14,2.75,1.87
Z153,40.72,13,129.4,0.85,30.02,46,93,124.3,22.82,8.84,2.92,2.03
Z154,43.88,12,150.2,0.92,29.95,39.33,84,116.3,27.68,9.37,2.89,1.97
Z155,38.37,14,143.4,0.65,33.77,40.33,85,128,30.74,10.07,2.79,1.97
Z156,62.96,16,181.9,0.76,32.48,44.67,87,124.3,27.7,9.67,2.86,2.07
Z157,44.12,13,160.3,0.77,30.72,45,84,116.3,28.02,9.36,2.98,2.2
Z158,45.19,16,153.2,0.65,30.12,40.83,84,132.3,29.74,9.95,2.63,2.03
Z159,57.98,20,152.3,0.74,27.23,29.5,84,122.3,28.2,9.94,2.5,1.8
Z160,52.46,13,179.2,0.91,27.6,43.67,86,121.7,26.82,8.79,2.82,2.13
Z161,62.52,16,174.9,0.81,29.57,41.83,79,123,28.8,9.14,2.86,1.87
Z162,39.23,17,128.7,0.7,29.52,42.5,79,119.7,26.38,10.63,2.58,1.77
Z163,44.04,14,163.7,0.74,28.7,41,90,110,28.38,9.8,2.64,1.87
Z164,48,14,191.2,0.66,30.25,49.67,86,123.7,29.86,9.26,2.94,1.97
Z165,47.87,18,115.4,0.78,31.73,37,86,129.3,25.3,8.9,3.09,1.8
Z166,48.48,14,127.2,0.91,31.75,33.33,90,120.7,23.66,9.02,2.99,1.8
Z167,51.76,15,168.7,0.77,29.1,43.67,86,130.7,27.66,8.7,2.95,2.03
Z170,65.49,19,138.4,0.86,32.15,40,86,121,29.2,9.98,2.71,1.9
Z171,37.62,17,118.9,0.7,27.67,29.5,71,115.3,25.24,8.83,2.67,1.67
Z172,54.37,18,130.3,0.83,29.7,40.83,79,119.3,28.56,10.1,2.63,1.73
Z173,50.76,15,168.5,0.73,30.05,39.67,79,124,28.8,9.96,2.77,1.87
Z174,41.28,19,132.9,0.68,26.9,28.5,72,116.7,24.84,8.69,2.72,1.73
Z175,49.26,12,173.1,0.83,31.58,48.17,83,120,26.88,9,3,2.13
Z176,64.95,16,163.9,0.86,31.32,40,84,124.7,29.4,8.94,3.07,2.17
Z177,47.89,12,165.8,0.88,30.03,39.33,86,120,27.96,8.85,2.97,2
Z178,57.6,18,131.6,0.83,32.03,45.83,84,118.3,25.9,9.59,2.86,1.9
Z179,52.31,13,164.6,0.93,29.37,39.83,87,123,27.56,9.1,2.88,1.97
Z180,47.28,13,166.8,0.85,29.13,38.67,91,113,25.62,8.83,2.89,1.93
Z181,39.34,12,177.1,0.77,27.93,39.83,84,121.3,26.12,8.99,2.83,2
Z182,52.36,15,132.3,0.87,34.15,35.33,80,114.7,27.44,10.06,2.9,2
Z183,41.75,16,123.5,0.81,28.63,34.83,74,107,22.74,8.98,2.73,1.93
Z184,50.22,16,153.5,0.92,23.95,52.33,89,118.3,27.38,8.34,2.76,2.17
Z185,45.8,14,167.9,0.76,28.82,44.67,84,121,24.86,9.07,2.94,2.1
Z186,29.64,12,146.2,0.72,24.35,28.83,69,99,23.04,8.64,2.68,1.83
Z187,57.97,13,181.2,0.85,30.6,48.33,88,125.7,27.26,8.98,3.05,2.17
Z188,53.82,18,140.1,0.7,33.22,41.67,87,126.3,30.62,10.43,2.79,1.93
Z189,49.55,18,129.8,0.7,33.38,38.17,87,120,24.96,9.86,2.9,1.97
Z190,58.48,14,179.1,0.88,29.92,41,80,118.3,28.04,9.18,2.88,2.17
Z191,47.98,16,149.8,0.74,29.6,40.33,88,127,26.1,8.97,2.89,2.07
Z192,74.58,22,138,0.83,33.57,41.83,85,119.7,25.1,10.52,2.87,1.8
Z193,56.92,20,133.2,0.82,27.67,39.83,86,117,27.54,9.18,2.57,1.87
Z194,39.91,12,204.4,0.6,29.32,40.67,84,114.7,28.44,10,2.59,1.9
Z195,34.08,12,127.3,0.87,27.05,31.67,100,115.7,22.82,8.87,2.69,1.77
Z196,26.35,12,190.2,0.42,28.92,37.67,113,109,23.54,9.56,2.6,1.87
Z197,41.52,13,178.3,0.65,30.18,45,87,119.7,28.22,8.98,2.93,2.07
Z198,40.86,13,138.3,0.79,31.8,40.5,84,124.7,25.82,9.24,3.04,2.03
Z199,53.71,14,187,0.77,28.6,45,89,124,27.86,9.66,2.45,1.9
Z200,49.68,13,175.2,0.77,31.78,44.17,84,118.3,27.42,9.84,2.79,1.83
Z201,32.99,15,95.5,0.78,30.9,35.33,107,104.3,24.1,8.91,3.19,2.07
Z202,47.3,17,136.1,0.77,29.33,39.67,73,113.7,25.04,9.53,2.76,1.7
Z203,28.7,13,149.7,0.64,24.75,31,75,103.3,23.8,8.87,2.6,1.6
Z204,62.96,18,193.8,0.71,26.83,35.67,89,118.7,26.2,9.45,2.45,1.83
Z205,41.08,14,143.1,0.75,28.93,45.17,87,125.3,26.94,8.68,2.98,2.03
Z206,44.15,13,123.3,0.89,32.67,38.33,91,118,24.58,9.9,2.68,1.73
Z207,34.38,10,166.4,0.78,30.28,40,84,118.7,25.68,9.02,2.92,2.03
Z208,60.43,14,175.1,0.8,33.53,50.33,87,127.3,28.2,9.99,2.86,1.97
Z209,36.69,14,183.4,0.64,23.68,33.83,70,112.7,26.26,8.44,2.72,1.77
Z210,46.98,14,168,0.84,25.8,45.67,78,120.3,27.46,9.21,2.51,1.77
Z211,38.58,15,145.6,0.79,24.37,40.67,77,114.3,25.58,8.85,2.61,1.73
Z212,47.26,16,156.6,0.78,26.78,37,78,120.3,27.5,9.3,2.54,1.63
Z213,51.68,13,153.4,0.88,31.65,47.33,87,108.3,26.14,9.28,3.02,1.87
Z214,48.63,17,160,0.74,27.37,39.83,88,126.7,26.76,8.69,2.78,1.93
Z215,50.31,18,162.7,0.69,25.65,37.83,75,113.7,26.32,8.71,2.63,1.67
Z216,46.81,13,169.9,0.84,28.18,48.17,81,122.3,24.72,8.73,2.94,2.13
Z217,41.64,17,153.9,0.68,25.6,39.5,80,117,28.08,9.81,2.38,1.73
Z219,43.54,14,168.9,0.73,28.18,41,75,115.7,26.12,8.78,2.95,1.9
Z220,34.68,14,134.3,0.77,26.8,42.33,128,93.7,23.52,8.65,3.01,2
Z221,50.8,14,179.1,0.77,30.82,48.17,85,126.3,29.9,9.05,2.98,2.17
Z222,57.52,14,191.6,0.83,29.97,44.33,87,135,27.14,8.95,2.98,1.97
Z223,40.98,16,136.3,0.69,29.22,41.67,73,116,26.42,9.81,2.65,1.77
Z225,36.64,11,181.8,0.7,28.3,32.83,71,116,27.42,9.74,2.62,1.87
Z226,45.85,16,154.8,0.74,26.47,38,75,122.7,27.1,8.92,2.76,1.77
Z227,46.67,13,190.2,0.73,28.32,30,72,116.7,28.22,9.26,2.79,1.83
Z229,63.82,18,199.4,0.76,26.17,48.67,128,91.3,24.1,8.71,3.03,2.07
Z230,68.1,19,174.8,0.84,26.82,42,88,124,26.46,8.61,2.81,1.97
Z231,45.17,15,117.3,0.92,29.17,40,88,119.3,22.98,8.87,2.94,1.87
Z232,65.34,15,170.7,0.86,32.03,40.33,85,119.7,28.62,9.85,2.75,1.97
Z233,55.94,14,176.9,0.84,28.7,46.5,84,114.7,27.14,8.69,2.85,2.07
Z234,53.86,17,174.1,0.78,25.23,38.17,78,118.3,23.82,8.64,2.75,1.83
Z235,51.91,14,176.1,0.71,31.67,33.67,93,122.7,26.92,9.9,2.65,1.8
Z236,56.35,15,162.7,0.78,32.32,41.5,80,118,26.28,9.37,3,2.03
Z237,57.41,17,155.6,0.79,29.75,37.67,87,121.7,26.98,9.39,2.73,1.77
Z238,66.78,14,212.6,0.89,27.47,39,92,116,24.5,9.52,2.5,1.8
Z239,87.92,17,206.4,0.89,30.17,44,86,123.7,28.38,9.03,2.98,2.13
Z240,69.76,16,209.1,0.76,29.8,48.33,80,122,31.18,8.94,2.99,1.9
Z241,67.1,18,146.6,0.91,29.8,35.5,85,121.3,23.32,8.97,2.91,2.07
Z242,46.48,14,169.6,0.67,31.43,38.67,80,126.3,26.54,9.02,3.11,2
Z243,49.15,13,169.2,0.8,28.67,38.67,90,125,24.42,8.72,2.89,1.93
Z244,49.78,14,179.3,0.78,27.33,38.17,74,119.7,27.3,9.42,2.64,2.03
Z245,29.75,9,136.8,0.85,29.97,46.67,85,122.3,20.34,7.56,3.28,1.6
Z246,45.14,14,172.8,0.74,26.58,40,77,122,26.28,9.59,2.68,2.03
Z247,45.77,14,156.2,0.78,28.65,38,77,118,25.54,9.56,2.65,1.93
Z248,63.36,17,163.2,0.75,33.55,41.17,78,116.3,29.02,9.98,2.82,1.9
Z249,51.67,14,192.7,0.81,26.08,45,87,128,27.4,8.45,2.81,1.9
Z250,52.57,14,178.5,0.7,31.05,61.5,85,125.7,29.04,10.5,2.53,1.63
Z251,37.93,11,187.1,0.78,26.32,49.67,87,126.7,26.82,8.4,2.9,1.9
Z252,51.16,16,166.8,0.66,30.85,52,79,127.3,28.48,9.97,2.78,1.93
Z253,49.2,12,212.5,0.7,30.17,38.67,77,103,30.92,10.4,2.56,1.8
Z254,53.67,16,197.3,0.73,29.05,56.83,85,129.7,27.44,8.93,2.98,2.23
Z255,58.58,14,179.5,0.86,29.85,48.5,87,129.3,27.28,8.7,3.04,2.13
Z256,67.01,15,181.3,0.75,35.1,46.5,81,122.7,26.74,9.71,3.01,2.1
Z257,75.28,15,205.3,0.84,31.35,41.17,85,120.3,28.28,9.64,2.79,2.17
Z258,59.97,17,157.4,0.74,32.9,55.83,84,123.7,27.56,9.35,3,1.93
Z259,59.36,16,149.7,0.83,31.4,43,80,116.7,26.46,10.04,2.69,1.83
Z260,51,17,121.7,0.78,34.75,46.33,82,116,26.92,10.69,2.81,1.77
Z261,65,16,183.2,0.78,30.95,45.5,82,122.3,28.54,9.52,2.89,1.97
Z262,47.53,16,155.8,0.78,28.32,50.17,84,130,28.4,10.12,2.6,1.9
Z263,50.82,15,153.7,0.85,30.58,51.83,87,128.7,28.58,8.61,3.16,2.03
Z264,45.85,12,171.9,0.79,31.47,44.67,85,129.7,28.28,10.27,2.65,1.9
Z265,62.07,20,128.2,0.85,32.47,40.67,86,127.7,24.78,8.7,3.24,2.13
Z266,47.58,14,143.4,0.89,28.9,50.17,88,117.7,23.92,8.94,2.96,2.17
Z267,44.8,12,179.1,0.78,29.03,55.33,86,127,27.02,8.89,2.97,2.1
Z268,56.26,14,179.9,0.85,28.85,45,84,126.3,27.2,8.59,3.06,1.87
Z269,62.19,14,205.6,0.81,28.35,41,72,121.7,27.7,10.2,2.52,1.8
Z270,58.52,12,208.4,0.79,32.2,55.67,82,131.3,32.92,10.51,2.71,1.87
Z271,52.06,11,195,0.88,30.18,63.33,84,130.7,31.1,10.72,2.62,1.73
Z272,53.51,10,311.7,0.64,30.08,48.17,84,133,30.68,8.82,2.99,2.27
Z273,40,11,184.2,0.8,28.35,46.5,82,123.7,27.3,8.47,3.14,2.07
Z274,40.55,10,192.5,0.75,31.65,49.67,86,126.3,30.24,9.82,2.76,2.07
Z275,48.93,12,190.5,0.76,29.35,48.33,88,129.3,28.32,8.49,3.06,2.5
Z276,56.82,17,142.4,0.72,35.17,45,84,118,28.66,10.08,2.84,1.97
Z277,46.55,11,181.9,0.77,32.63,52.67,81,127.3,28.68,8.91,3.24,2.13
Z278,41.29,12,135.3,0.75,36.08,39.33,79,126.3,29.96,10.33,3,2
Z279,37.69,13,147.6,0.76,28.65,51,79,122.7,27.18,9.18,2.87,1.87
Z280,46.26,9,210.2,0.88,29.33,53.33,85,124.7,28.44,8.63,2.98,2.17
Z281,42.21,12,179.3,0.73,28.98,49.83,81,122.3,29.38,8.81,2.89,2
Z282,38.82,12,140.4,0.8,32.23,50.67,81,120,26.64,9.81,2.88,1.9
Z283,46.73,13,186.2,0.71,29.93,57.5,84,120.3,28.66,9.95,2.65,2
Z284,44.81,12,165.8,0.74,33.82,42,80,128,29.82,9.9,2.96,2
Z285,41.24,10,176,0.77,33.93,41,85,127,31.54,10.29,2.84,2.07
Z286,53.02,17,132.7,0.83,31.3,45,78,115.3,26.16,9.95,2.83,1.93
Z287,55.52,21,157.7,0.7,26.22,38.83,79,116.7,27.52,8.82,2.82,1.93
Z288,46.85,13,172.8,0.78,27.48,44,86,117.7,30.12,9.37,2.65,1.87
Z289,49.98,11,201.8,0.83,29.15,40,86,122.3,30.22,9.82,2.67,1.97
Z290,56.43,13,216.7,0.73,29.32,42,87,116.7,29.02,8.96,2.96,2.17
Z291,51.83,12,231,0.68,29.32,48.83,86,113,29.22,8.88,2.98,2.03
Z292,30.27,12,122.6,0.74,31.42,45.67,79,119.3,26.1,10.1,2.68,1.9
Z293,22.34,8,158.6,0.55,32.7,45.67,84,122.7,27.34,10.32,2.69,2.1
Z294,46.68,12,186.2,0.76,29.37,53.67,87,121.7,27.4,9.18,2.89,2.03
Z295,35.25,15,160.1,0.59,28.42,44.83,84,120.3,26.7,9.84,2.64,1.77
Z296,43.09,15,163.9,0.64,30.32,42.67,79,121.7,27.9,10.24,2.64,2
Z297,52.84,14,167.9,0.74,32.25,42.83,79,119.7,29.4,10.52,2.68,2.07
Z298,52.04,15,156.3,0.79,31.25,38.83,78,124,28.84,10.7,2.76,1.97
Z299,44.67,10,197.1,0.84,28.92,54.67,85,124.3,29.42,8.96,2.94,2.1
Z300,39.3,15,126.9,0.65,34.63,37.33,77,123.7,28.42,10.78,2.82,2
Z301,45.8,11,175.3,0.75,34.82,46.17,86,120.7,33.04,10.7,2.82,2.1
Z302,38.73,15,126.6,0.76,30.45,41,81,122,29.4,10.31,2.65,1.97
Z303,56.26,15,175.8,0.69,33.1,45.33,84,118,28.54,10.37,2.84,1.97
Z304,41.17,11,176,0.75,30.82,44.83,81,120.3,32.88,10.46,2.66,2.03
Z305,42.56,10,193.5,0.78,30.98,40.67,79,118.3,28.56,10.26,2.74,2.2
Z306,50.24,12,177.6,0.84,30.63,53.33,81,137,29.48,10.48,2.63,1.73
Z307,44.84,15,157.1,0.74,30.57,49.67,86,118.3,28.12,10.11,2.69,1.83
Z308,40.9,16,139.8,0.69,29,36.33,85,120.3,26.78,9.54,2.71,1.9
Z309,45.49,13,144.9,0.8,32.1,43,84,117.3,28.18,9.07,3.07,2
Z310,44.66,15,161,0.69,30.28,39.33,84,118.7,26.78,9.65,2.86,1.9
Z311,39.74,11,179.5,0.7,31.03,56.33,82,118.7,26.8,8.93,3.07,2.03
Z312,56.79,16,174.4,0.75,30.12,48.33,77,117,26.88,9.81,2.83,1.77
Z313,57.4,17,140.3,0.78,33.8,35.67,76,114.3,26.24,10.03,2.92,1.9
Z314,41.41,18,112.6,0.77,29.12,35.17,77,116.7,24,9.55,2.72,1.73
Z315,58.44,16,132.8,0.92,32.05,41.67,85,121.7,27.66,9,3.02,2.03
Z316,50.94,14,173,0.79,28.17,39.83,79,118.7,27.5,10.01,2.62,1.8
Z317,55.94,17,125.3,0.88,31.95,42.17,80,121.3,26.74,9.03,3.07,1.87
Z318,38.74,18,133.4,0.56,30.23,31.67,75,114.7,24.04,9.77,2.68,1.87
Z319,46.47,12,159.8,0.77,36.12,40.83,85,125.3,26.58,10.92,2.85,1.93
Z320,41.55,13,147.5,0.75,32.22,35.33,86,125,27.88,10.42,2.7,1.83
Z321,39.87,16,128.6,0.7,31.05,44.33,81,125.3,29.3,9.76,2.77,1.9
Z322,45.06,17,160.5,0.56,31.27,52.33,85,117.3,25.48,10.29,2.65,1.83
Z323,33.77,11,157.5,0.65,33.7,44,81,127,29.04,10.9,2.77,1.73
Z324,51.16,15,186.4,0.64,31.62,42.67,84,120.7,28.26,10.16,2.78,1.83
Z325,54.91,13,197.2,0.79,28.88,37.67,81,122.7,29.76,8.94,2.92,1.97
Z326,45.16,14,169.6,0.66,31.63,40.67,86,113.3,28.9,10.2,2.86,1.77
Z327,61.13,13,226.4,0.75,28.57,43.67,88,115.7,31.94,8.86,2.94,2.07
Z328,35.11,12,128.8,0.84,28.37,43,87,118.7,26.42,9.51,2.57,1.77
Z329,44.01,11,190.7,0.78,29.35,37.33,78,124,28.36,9.81,2.73,1.8
Z330,64.74,14,199.9,0.8,31.78,42,80,120,25.8,9.77,2.76,2.1
Z331,53.93,12,176,0.79,35.1,38.67,75,116,26.78,9.7,3,1.97
Z332,47.68,14,158.6,0.82,29.12,37.67,73,110,27.2,10.16,2.6,1.8
Z333,63.03,14,189.4,0.86,31.72,37.5,81,118,27.84,9.94,2.79,1.97
Z334,61.18,20,154.2,0.7,31.17,39.07,79,119.3,29,9.82,2.7,1.93
Z335,33.87,13,152.5,0.56,32.25,36.33,73,108.3,28.58,10.23,2.73,1.9
Z336,47.69,16,162.7,0.78,26.7,44.67,88,123.3,26.8,8.54,2.8,1.93
Z337,60.54,19,160.5,0.77,28.18,41.67,80,115.7,28.94,9.93,2.59,1.57
Z338,65.26,17,187.9,0.72,30.4,38.83,85,118.7,28.32,9.59,2.73,1.97
Z339,54.82,16,146.8,0.79,31.05,39.33,78,110.7,24.94,9.71,2.75,1.7
Z340,45.44,13,170,0.77,31.63,44,85,120.3,28.68,9.62,2.74,1.97
Z341,50.13,14,161.5,0.76,32.22,46.67,85,119.3,27.34,10.29,2.71,1.5
Z342,61.41,19,143.2,0.79,31.93,45,85,125.3,26.3,9.36,2.93,1.9
Z343,56.78,17,170.5,0.84,26.05,35.33,85,119,25.66,9.1,2.56,1.67
Z344,49.89,16,144.4,0.74,32.18,42.33,79,116.7,28.42,10.54,2.62,1.73
Z345,47.46,14,141.7,0.84,32.38,45.83,81,122.7,26.54,9.59,2.88,1.8
Z346,63.12,19,133.1,0.78,34.93,42,84,117,27,10.78,2.71,1.73
Z347,43.88,16,152.3,0.7,28.73,35.67,85,120.3,26.64,9.66,2.64,1.5
Z348,45.4,12,159.9,0.78,33.58,41.5,78,118.3,27.16,10.25,2.84,1.77
Z349,56.58,15,172.3,0.77,31.18,46.67,84,119.3,29.32,9.03,2.93,1.97
Z350,43.14,13,153.2,0.75,32.05,40.67,89,117.7,26.56,10.22,2.67,1.7
Z351,46.2,11,211.2,0.72,30.28,48.83,87,114,29.16,9.51,2.9,1.73
Z352,46.28,10,194.2,0.86,29.68,38.33,81,120.3,27.84,8.74,2.94,1.73
Z353,65.14,13,202.8,0.86,30.32,38.17,81,116.3,27.7,8.9,2.98,1.67
Z354,48.05,12,148.2,0.93,29,36,75,111.3,27.92,8.63,2.89,1.77
Z355,47.47,11,205.3,0.81,27.78,46.33,84,124.7,25.66,8.63,2.94,2.03
Z356,44.45,13,177.2,0.74,27.82,38.67,87,119.3,29.56,9.07,2.83,1.9
Z357,43.6,16,136.5,0.76,29.02,37.67,85,122.3,29.14,9.57,2.64,1.73
Z358,45.15,14,133.4,0.84,30.93,41.67,79,117.7,24.68,9.48,2.96,1.9
Z359,53.99,14,155.2,0.86,32.4,34.67,79,119.7,24.5,9.45,2.9,1.7
Z360,58.48,20,120.3,0.85,30.85,36.33,77,117.7,26.46,9.55,2.8,1.6
Z361,43.1,12,144.8,0.75,36.8,41.67,84,116,27.2,10.58,2.88,1.67
Z362,35.28,11,166.2,0.68,31.18,42.67,79,121.3,30.76,10.42,2.66,1.83
Z363,43.25,15,143.2,0.78,28.78,38.83,78,128,27.32,9.71,2.64,1.83
Z364,47.17,10,187.6,0.79,33.08,41,80,110.7,30.22,9.85,2.9,1.83
Z365,65.89,17,143.3,0.83,34.95,46.67,79,117.3,27.84,9.66,3.03,1.6
Z366,50.86,14,185.5,0.79,27.83,44.33,84,123,29.02,9.6,2.67,1.73
Z367,45.14,12,173.2,0.86,25.78,39.17,87,117.7,26.96,9.51,2.51,1.83
Z368,59.95,11,221.3,0.77,35.22,40,81,124,27.62,9.77,2.98,1.87
Z369,52.99,19,148.2,0.73,26.38,42.67,84,123,29.56,9.11,2.73,1.57
Z370,36.09,13,151.8,0.62,31.65,39.33,81,126.3,27.02,10.3,2.74,1.77
Z371,39.98,13,188.9,0.6,29.6,45.67,85,117,25.8,9.83,2.72,1.93
Z372,46.39,12,176.8,0.77,30.63,36.33,84,126,23.48,9.76,2.71,2
Z373,52.07,14,199.8,0.8,24.63,34.67,86,114.7,25.92,8.35,2.76,1.9
Z374,39.49,13,177.3,0.73,23.83,29,61,99,24.66,9.99,2.38,1.93
Z375,31.76,10,159.3,0.89,23.02,29,64,101,23.9,9.65,2.33,1.9
Z376,37.76,11,154.4,0.9,26.12,28.33,62,98.7,23.66,8.66,2.69,1.57
Z377,36.18,12,166.9,0.72,28.07,36,86,121.3,24.24,8.75,2.84,1.93
Z378,39,13,155.8,0.75,28.67,37.33,84,123.7,26.38,9,2.91,1.9
Z379,40.41,13,153.9,0.84,27.57,38.67,84,126.7,25.66,8.57,2.94,2
Z380,38.61,10,219.5,0.76,24.63,39,77,121.3,26.56,8.21,2.76,1.93
Z381,45.58,12,154.3,0.89,29.4,32.67,81,122.3,27.92,9.21,2.87,1.9
Z382,52.26,18,147.6,0.82,26.62,36,80,115,22.5,8.69,2.82,1.8
Z383,62.01,18,175.2,0.76,26.87,31,90,117.7,23.84,9.34,2.51,1.87
Z384,33.66,15,153.3,0.53,29.42,39.33,75,114.3,26.88,9.77,2.67,1.8
Z385,49.31,14,171.9,0.72,30.5,45.67,84,123.7,28.1,9.15,2.94,1.97
Z386,52.25,12,218.7,0.84,25.52,37.67,85,126.7,27.62,8.37,2.82,1.7
Z387,51.74,13,207.5,0.67,29.3,37.33,76,114,29.96,9.74,2.74,1.67
Z388,35.5,12,181.3,0.63,27.3,26,60,94.3,23.78,8.54,3,1.83
Z389,58.77,11,220.4,0.87,29.23,37.33,79,120.3,27.6,9.52,2.9,2.23
Z390,51.3,12,168,0.86,31.53,34.67,75,122,27.88,9.17,3.21,2.03
Z391,49.97,13,193.1,0.77,28.32,46.33,85,116.7,27.82,10.18,2.54,1.83
Z392,38.06,16,134.9,0.73,27.48,34.33,77,117,25.12,8.59,2.91,1.93
Z393,36.2,12,158.6,0.76,26.62,37.33,74,117,26.12,9.31,2.56,1.77
Z394,38.24,14,178.4,0.66,25.28,34,74,115,26.22,9.29,2.57,1.77
Z395,31.3,14,117.7,0.86,23.57,28.67,89,112.7,23.16,7.54,2.93,1.63
Z396,55.69,16,179.8,0.8,25.8,38,74,119.7,29.18,9.28,2.52,1.8
Z397,46.17,12,168,0.86,27.82,33.67,89,110,20.66,6.99,3.25,2.07
Z398,32.03,10,192.9,0.75,24.93,40.33,88,123.3,27.86,9.42,2.4,2.2
Z399,23.48,10,175.5,0.53,27.5,41.33,91,113,26.66,9.82,2.56,2.07
Z400,44.19,13,211.1,0.64,27.4,38,93,115.7,23.68,9.4,2.62,1.9
Z401,64.27,17,247.7,0.66,24.75,39.33,87,126.7,25.3,9.46,2.52,1.8
Z402,50.35,18,166.2,0.72,25.75,41,75,108,24.2,9.34,2.5,1.9
Z403,42.78,13,184.5,0.77,25.28,39,73,114.3,26.38,9.58,2.48,1.83
Z404,52.85,14,195.8,0.8,28.22,41,90,124.3,26.32,9.72,2.51,1.83
Z405,59.82,14,207.4,0.73,29.97,46.33,84,125,27.62,9.84,2.67,1.97
Z406,52.38,12,217.5,0.82,27,41.33,92,126.7,24.42,9.51,2.52,1.8
Z407,37.03,14,174.4,0.52,31.32,40.67,84,126,27.88,10.15,2.79,2.13
Z408,63.5,16,178.7,0.8,29.73,49,87,124.7,28.64,10.25,2.66,1.87
Z409,42.54,12,209.2,0.79,22.93,39,62,112.7,26.1,9.06,2.58,1.47
Z410,46.41,15,165.5,0.78,24.73,38.33,74,105,24.6,9.45,2.5,1.47
Z411,35.26,11,157.5,0.9,24.17,31.67,59,100.3,23.98,9,2.57,1.93
Z412,41.47,15,146.1,0.65,31.75,31.33,71,120.3,25.74,9.82,2.76,1.6
Z413,49.78,18,125.9,0.81,29.03,42.67,79,120,29.86,10.45,2.6,1.57
Z414,31.08,16,107.4,0.86,22.77,24.33,63,102.3,23.4,9.98,2.3,1.47
Z415,60.44,11,217.2,0.88,30.45,43.67,85,117.7,28.82,9.02,2.95,2.13
Z416,49.24,15,206.7,0.73,23.55,42.33,81,110.3,27.5,8.76,2.56,2.07
Z417,73.63,20,186.9,0.78,27.15,44.33,79,118,25.88,8.8,2.74,1.9
Z418,55.52,21,139.2,0.79,26.5,39.33,75,106.7,26.32,9.86,2.37,1.63
Z419,51.76,11,200.4,0.88,28.45,37.33,78,111.7,27.92,10.22,2.52,1.77
Z420,36.22,17,133.6,0.78,22.08,30,67,102,24.74,10.03,2.44,1.63
Z421,47.73,15,170.1,0.77,26.93,23.67,65,104,25.04,10.01,2.52,1.43
Z422,49.65,13,166.2,0.83,29.73,28.67,67,106,25.2,9.92,2.8,1.6
Z423,44.6,14,170.6,0.76,26.6,33,66,117,25.74,10.23,2.53,1.57
Z424,35.54,15,157,0.68,24.32,32.33,67,111,27.5,10.33,2.34,1.5
Z425,54.02,16,174.6,0.72,28.85,44,86,116.3,28.2,9.85,2.62,2
Z426,44.58,18,124.7,0.84,25.47,27.67,72,114,25.54,10.17,2.33,1.4
Z427,43.04,15,120.5,0.76,33.42,40.67,84,122,27.34,10.83,2.62,1.77
Z428,49.77,17,176.5,0.74,24.13,35.67,63,107.3,25.62,9.01,2.55,1.6
Z429,32.25,11,161.8,0.86,22.05,23.33,65,112.3,23.2,8.97,2.39,1.47
Z430,63.43,18,158.4,0.77,29.58,32.67,78,111,25.34,9.8,2.55,1.93
Z431,35.98,16,147.6,0.66,23.87,44.67,79,117,24.7,9.63,2.39,1.6
Z432,36.71,12,146.2,0.87,25.25,32.33,64,113,24.74,9.32,2.52,1.6
Z433,43.54,12,178.3,0.82,26.05,38,75,109.3,26.36,9.36,2.35,1.97
Z434,50.58,17,149.8,0.8,25.07,28.33,59,99.7,23.9,8.68,2.55,1.67
Z435,56.44,15,169.9,0.86,28.33,49.33,81,122.7,25.98,8.91,2.79,1.9
Z436,46.18,13,204.6,0.71,27.37,51,80,119.7,27.36,9.71,2.55,1.8
Z437,44.93,13,153.4,0.77,32,39.33,84,127.7,26.98,9.52,2.91,1.77
Z438,50.86,11,183.8,0.88,31.08,49.33,84,124.3,30.46,10.55,2.62,1.63
Z439,48.17,15,139.5,0.91,26.37,40.33,74,118.3,25.54,9.6,2.5,1.93
Z440,62.27,16,152.2,0.83,32.97,40.67,79,114.7,28.18,10.86,2.78,1.73
Z441,55.63,13,173.8,0.87,30.67,46.33,81,128.3,27.88,10.65,2.56,1.6
Z442,39.73,20,143.2,0.62,24.45,30.67,68,106.7,24.24,9.69,2.48,1.43
Z443,55.22,16,181.7,0.8,25.05,41.33,78,114,24.8,9.45,2.48,2
Z444,59.54,14,191.9,0.86,27.58,50.33,84,127,30.98,9.74,2.58,2.1
Z445,34.3,16,134,0.64,27.47,26.33,65,108.3,22.98,9.01,2.82,1.43
Z446,65.59,15,225.3,0.78,25.47,45.67,84,111.3,27.32,9.48,2.47,1.6
Z447,50.33,19,160.8,0.67,26,37.67,76,102,25.94,9.72,2.5,1.37
Z448,39.45,13,178.5,0.74,23.68,28.67,60,97.7,25.24,9.65,2.39,1.87
Z449,18.25,7,153.4,0.74,24.22,25.33,57,90.3,24.38,9.57,2.45,1.8
Z450,65.42,14,220.5,0.77,29.18,47,84,123.3,30.54,10.13,2.57,2.07
Z451,34.26,14,183.4,0.61,24.12,39,66,105.7,25.9,9.77,2.41,1.77
Z452,42.6,12,214.3,0.72,24.58,40.33,77,117.3,22.94,8.06,2.77,1.67
Z453,67.28,15,187.4,0.86,30.27,51.33,86,115,29.26,9.85,2.68,1.87
Z454,44.09,9,227,0.83,27.97,49.67,85,129.7,28.88,9.8,2.6,2.23
Z455,41.2,16,168.7,0.67,24.7,45.67,75,116.7,27.6,9.53,2.42,1.67
Z456,43.56,11,195.7,0.78,27.97,31.33,70,123.3,24.38,9.34,2.7,1.83
Z458,62.55,15,172.1,0.84,32.25,43.67,81,113,26.1,10.37,2.82,1.67
Z459,73.53,16,194.9,0.79,32,44.67,79,115.7,26.2,10.57,2.84,1.8
Z460,58.41,13,178,0.95,27.1,47.67,75,113.7,25.46,9.58,2.63,1.8
Z461,48.42,17,161.8,0.73,25.33,27.67,65,95.3,23.76,9.74,2.47,1.63
Z462,56.24,16,157.9,0.8,28.62,44.67,78,116.3,28.92,9.88,2.56,1.8
Z463,34.89,14,142.6,0.71,26.23,25.33,60,92.7,24.74,9.96,2.47,1.43
Z464,51.41,17,166.3,0.75,24.43,33.67,63,101,27.02,9.18,2.49,1.47
Z465,62.55,11,253.6,0.81,29.82,36.67,85,121.3,31.16,8.86,3.01,2.03
Z466,47.81,16,135.3,0.85,27.17,28.33,58,96,23.4,9.66,2.53,1.53
Z467,59.73,23,155.4,0.73,23.43,35.33,60,97.7,27.38,9.08,2.42,1.4
Z468,64.81,16,175.4,0.78,30.47,37.67,72,101,27.68,10.32,2.65,1.43
Z469,44.9,15,173,0.72,26.88,38.67,79,129.3,27.8,9.48,2.56,1.87
Z470,51.67,13,204.5,0.69,30.5,39.67,86,138.7,27.52,9.86,2.65,2
Z471,45.19,17,129.5,0.89,25.35,32.33,73,115.7,22.06,9.41,2.48,1.9
Z472,36.35,14,174.9,0.6,25.1,29,68,113.7,24.7,9.91,2.45,1.83
Z473,55.26,15,145.1,0.89,30.33,45.67,80,119.7,27.28,9.55,2.64,1.8
Z474,34.07,14,157.1,0.71,22.35,22.33,57,96.7,23.14,9.11,2.36,1.5
Z475,57.71,13,206,0.78,29.47,46.33,77,115.7,29.02,9.78,2.61,1.97
Z476,48.04,21,148.2,0.64,26.57,38.33,76,119.7,26.24,9.47,2.69,1.93
Z477,38.71,10,197.3,0.66,31.3,46.33,78,109.3,26.46,10,2.67,1.93
Z478,43.68,14,176.4,0.75,25.05,29,66,110.7,24.52,9.24,2.46,1.8
Z479,48.5,15,135.7,0.79,31.9,44.67,79,117.7,24.62,10.28,2.69,1.83
Z480,58.84,14,200.6,0.77,29.02,45.33,80,122,28.66,8.84,2.98,2.37
Z481,49.61,12,171.9,0.91,28.13,48.33,80,115.3,28.32,9.86,2.53,1.8
Z482,40.71,15,139.1,0.78,26.12,23.67,56,100.3,24.16,9.68,2.51,1.43
Z483,38.59,13,165.2,0.73,25.47,25.67,63,104.3,23.62,9.23,2.47,1.67
Z484,48.44,14,166.6,0.77,28.18,47,78,126.3,27.96,10.02,2.54,1.9
Z485,42.61,12,160.6,0.79,29.23,41.33,86,123,27.72,10.14,2.53,2
Z486,57.84,17,154.8,0.76,31.93,44.33,85,122.7,29.1,10.53,2.71,1.9
Z487,41.17,12,199.6,0.66,28.67,38.67,79,117.7,26.74,10.23,2.63,2.03
Z488,42.19,19,142.4,0.69,24.68,33,72,117.3,23.24,9.33,2.43,1.7
Z489,52.13,18,165.5,0.76,24.63,30,63,105,24.46,9.12,2.52,1.47
Z490,28.48,15,157,0.52,24.68,29.67,62,103.3,26.08,10.18,2.38,1.63
Z491,49.57,18,138.8,0.79,26.4,35.33,74,118,24.42,9.36,2.53,1.9
Z492,49.39,19,123.9,0.84,26.58,39.67,84,117.7,27.86,9,2.69,1.8
Z493,42.2,18,134,0.72,25.52,34,73,107.3,26.46,9.67,2.46,1.47
Z494,54.32,25,131.2,0.72,24.78,41,75,103.7,25.46,9.84,2.33,1.4
Z496,64.94,18,154.7,0.87,29.53,43.33,78,111.3,27.12,8.97,2.91,2.03
Z497,44.22,15,151.3,0.79,26.07,50,75,114.3,26.4,9.65,2.57,1.7
Z498,53.07,15,144.9,0.82,32.35,47.67,80,116,27.6,9.94,2.71,1.87
Z499,43.22,14,157.7,0.72,29.05,40.33,77,113.7,26.26,9.36,2.75,1.9
Z500,69.61,14,168.8,0.93,33.83,42.67,86,129.7,29.66,10.88,2.65,2
Z501,37.44,15,152.5,0.76,27.77,44.67,74,111.7,23.82,9.5,2.64,1.77
Z502,44.89,18,135.6,0.72,26.83,51.33,78,115.7,24.58,9.13,2.76,1.9
Z503,46.05,15,161.9,0.79,25.75,40.67,78,117.3,28.26,9.76,2.54,1.53
Z504,36.27,14,149,0.76,24.63,45.33,75,113,25.24,9.57,2.48,1.83
Z505,59.35,12,213.4,0.82,31.27,45.67,80,127,31.08,11,2.67,1.67
Z506,44.59,11,224.7,0.73,26.32,39.67,90,113.7,23.6,9.39,2.5,2
Z507,50.33,13,228,0.8,22.63,39.33,87,114.7,24.98,9.06,2.41,2.03
Z508,49.75,15,169.8,0.76,28.15,36.33,89,121.7,28.3,9.83,2.52,1.9
Z509,45.01,11,192.1,0.75,30.1,47.33,84,122.3,27,10.72,2.62,1.87
Z510,38.9,10,217.7,0.7,27.82,37.67,71,119,25.44,9.81,2.62,1.87
Z511,37.93,11,180.8,0.69,30.67,46.67,77,115,28.64,10.72,2.53,1.8
Z512,54.87,11,206.9,0.81,30.6,45.33,82,112,28.38,9.05,2.93,1.9
Z513,59.36,14,175.2,0.89,29.67,44.33,84,123.7,28.14,8.72,3.03,2
Z514,60.91,16,183.7,0.72,31.62,42.67,86,118,27.4,9.98,2.73,1.97
Z515,35,12,149.2,0.74,28.77,45.67,85,128,27.12,9.99,2.6,1.8
Z516,57.05,17,159.2,0.77,30.43,43.67,85,124.7,29.14,9.91,2.77,2.03
Z517,42.02,12,171,0.76,29.57,40.67,83,129.3,24.74,9.71,2.75,2.07
Z518,47.53,11,189.7,0.8,30.42,40.33,86,129.7,26.54,9.96,2.68,2
Z519,47.49,12,189.1,0.79,29.02,45,85,126.7,28.1,9.14,2.81,8.73
Z520,37.74,13,175.8,0.7,26.98,43,84,126.7,24.44,9.79,2.65,8.7
Z521,58.05,20,214,0.65,22.23,42.33,68,116.3,26.88,9.33,2.28,1.83
Z522,37.82,12,154.8,0.81,28.2,37.67,83,122.3,22.98,9.62,2.55,1.9
Z523,50.02,13,171.2,0.86,29.45,38,84,130,26.22,9.81,2.63,1.87
Z524,57.99,17,151.6,0.82,29.43,48,78,122.3,28.44,10.16,2.67,1.73
Z525,57.92,12,238.3,0.8,27.3,51.33,80,121.7,29.62,8.66,2.85,2.33
Z526,43.93,12,165.8,0.86,28.5,44.33,91,118.7,27.08,9.53,2.68,1.87
Z527,47.72,16,150.3,0.76,29.15,42,86,126.3,26.06,9.77,2.53,1.93
Z528,64.34,11,265.5,0.85,27.22,45.67,84,132,30.34,8.51,2.85,2.17
Z529,54.28,13,179.3,0.88,29.53,44.67,84,126,25.66,9.07,2.89,2.1
Z530,55.98,17,141.9,0.81,31.97,45.67,86,122.3,26.42,10.28,2.61,1.93
Z531,70.46,16,217.4,0.74,30.02,40,86,131.7,31.02,8.97,2.98,2.23
Z532,61.68,16,181.5,0.81,28.3,42,84,123.3,26.52,9.83,2.63,2
Z533,73.77,15,237.9,0.84,27.05,50.67,89,132.3,27.34,9.28,2.47,2.03
Z534,34.6,8,247.3,0.78,26.43,40.33,87,125,23.84,7.41,3.35,2.07
Z535,44.84,12,149.2,0.89,31.12,41.67,85,121,25.18,9.94,2.69,2.27
Z536,49.46,14,161.7,0.95,23.72,40.33,93,133,25.42,7.4,2.98,2
Z537,80.65,12,258.7,0.87,33.23,51,84,134,27.24,9.47,2.98,2
Z538,77.55,16,197.3,0.81,33.18,44.33,89,119.3,27.32,10.11,2.71,2.1
Z539,64.98,17,208.5,0.84,23.42,41,89,118.3,25.02,8.98,2.44,2.03
Z540,105.52,20,195.9,0.86,32.87,46.33,84,131.7,28.28,9.6,2.79,2.2
Z541,42.82,8,220.4,0.9,28.83,33.33,86,123,28.24,8.98,2.84,2.53
Z542,75.44,19,164.5,0.85,32.73,45.33,87,118,28.38,10.2,2.65,2
Z543,62.85,14,196.8,0.91,30.52,46,85,128,25.96,9.74,2.66,2.2
Z544,52.96,14,198.9,0.79,26.2,42.67,87,116.7,24.74,9.3,2.64,2.27
Z545,34.75,14,123.1,0.89,23.33,32.33,56,87.7,22.46,9.48,2.34,1.6
Z546,53.38,14,185.3,0.78,29.2,39.67,80,123.7,28.48,7.91,3.42,1.97
Z547,54.82,18,174.2,0.8,23.65,33.67,80,113,23.3,7.58,3.19,1.7
Z548,65.06,13,252.2,0.86,25.38,45,84,137,27.82,8.71,2.63,2.03
Z549,66.28,14,251,0.76,26.62,38.67,91,127.7,27.56,9.29,2.56,2.23
Z550,46.48,13,174.5,0.76,30.12,46.67,75,125.7,26.32,8.32,3.17,2.1
Z551,65.03,15,230.3,0.73,28.12,51.33,83,135,29.58,10.19,2.5,2.1
Z552,46.68,10,218.3,0.81,29.2,42.33,84,127,27.16,9.79,2.61,1.9
Z553,43.9,13,153.5,0.85,27.17,42.33,77,110.7,26.98,9.93,2.51,1.73
Z554,51.37,12,217.8,0.74,30.07,45.33,86,129,27.08,9.97,2.62,2
Z555,63.13,13,199.6,0.92,29.37,40,84,133.7,23.9,9.72,2.71,2.07
Z556,44.05,9,208.2,0.79,33.03,42,84,117.7,28.74,9.73,2.72,1.87
Z557,38.87,8,255,0.77,26.8,36.33,73,110.7,23.32,9.52,2.56,1.67
Z558,67.78,13,245.3,0.77,30.2,47.33,88,123,26.76,10.17,2.67,2.37
Z559,62.22,18,153.4,0.73,34.38,51.67,81,116.7,28.44,10.04,2.88,1.93
Z560,41.54,15,163.2,0.64,28.48,44.33,77,107.7,25.82,9.95,2.66,1.73
Z561,41.76,11,231.3,0.63,29.1,39,87,122.7,26.62,9.19,2.87,2.07
Z562,32.89,12,149.7,0.67,29.08,40.67,85,120,25.48,10.44,2.53,1.7
Z563,58.45,14,206.3,0.7,29.87,45.67,84,127.3,24.48,9.59,2.63,2.1
Z564,77,15,219.9,0.8,30.22,47,84,123.3,25.44,9.59,2.68,2.03
Z565,37.99,12,168.8,0.7,27.13,24.33,63,105.3,27.62,10.04,2.4,1.4
Z566,64.7,12,264.7,0.77,30.1,45.33,87,113.7,29.24,9.86,2.71,2.17
Z567,63.21,14,168.1,0.83,33.65,46,79,123.7,26.48,10.68,2.7,1.8
Z568,81.18,17,197.9,0.87,28.72,48.67,78,116.5,27.64,10.04,2.6,2
Z569,43.16,15,150.4,0.79,25.47,27,65,103.7,24.16,8.96,2.68,1.63
Z570,31.44,14,140.1,0.58,27.18,29.67,63,93.3,24.98,10.46,2.45,1.43
Z571,31.72,11,182.5,0.47,34.47,41.67,79,131.3,28.42,10.41,2.81,2.03
Z572,54.09,12,202.4,0.88,26.53,42.67,78,119.7,26.78,9.62,2.69,1.73
Z573,41.27,15,202.7,0.57,24.93,31,63,105.7,26.84,9.69,2.49,1.83
Z574,44.46,16,145,0.73,28.13,28.67,63,97,24.74,10.1,2.57,1.47
Z575,51.75,14,178.7,0.81,27.33,29,64,107.7,27.18,10.44,2.53,1.4
Z576,74.72,15,217.9,0.76,31.5,41,84,125.3,27.28,10.38,2.71,1.83
Z578,61.45,17,228.1,0.61,27.05,34,66,112,26.6,9.81,2.53,1.77
Z579,51.84,13,192.7,0.8,26.63,25,61,100.3,25.5,9.48,2.67,1.67
Z580,55.05,15,221.1,0.69,25.18,47.67,85,124.3,27.88,8.76,2.64,1.83
Z581,59.68,14,237.7,0.8,24.32,46.67,80,125.7,28.74,8.85,2.61,1.73
Z582,57.08,17,151.7,0.8,31.23,37.67,79,117,24.64,9.84,2.78,1.77
Z583,56.44,14,190.5,0.78,29.72,41.33,81,120.3,26.16,9.03,2.96,2.2
Z584,23.28,8,197.5,0.63,25.22,32.33,63,108.3,25.88,8.72,2.83,1.8
Z585,31.05,12,141.4,0.73,27.1,31,68,108,24.32,9.74,2.67,1.5
Z586,49.91,17,188.5,0.62,25.9,32.67,66,98,26.46,9.98,2.46,1.43
Z587,68.37,30,136.1,0.64,28.2,33,72,97,27.3,9.51,2.63,1.57
Z588,34.37,17,123,0.71,24.37,21,63,92.7,23.3,9.97,2.34,1.1
Z589,59.1,16,176.8,0.77,30.22,36.33,80,118,26.22,9.95,2.67,1.97
Z590,42.85,16,179.5,0.61,25.38,30.33,63,106,28.1,9.86,2.47,1.47
Z591,30.74,11,176,0.66,25.28,38,67,115.7,26.5,8.83,2.69,1.8
Z592,49.81,18,171.5,0.71,24.38,43.67,78,109.7,24.2,8.44,2.71,1.63
Z593,53.58,14,192.1,0.82,26.43,46.67,80,121,28.42,9.05,2.66,1.97
Z594,40.93,13,177.7,0.76,24.77,33.33,66,111,25.76,9.81,2.46,1.67
Z595,58.68,17,173.9,0.83,25.37,41.67,93,128,27.76,9.04,2.57,2
Z596,43.36,16,159.3,0.75,24.65,40,81,120.7,27.96,9.47,2.43,1.9
Z597,44.57,12,243.3,0.64,26.32,39,80,120,24.98,9.57,2.52,1.9
Z598,68.9,18,203.1,0.81,24.18,39.33,80,118.3,26.72,9.2,2.4,1.77
Z599,60.83,18,191.1,0.76,24.43,40.33,79,115.3,25.46,9.26,2.43,1.83
Z600,97.19,21,200.8,0.79,31.25,40.67,79,115.7,30.14,10.41,2.61,1.77
Z601,65.07,14,248.6,0.8,25.45,47.67,81,111,28.98,9.49,2.47,1.87
Z602,41.26,16,160.4,0.62,26.45,26.33,64,105.3,26.2,10,2.5,1.53
Z603,45.34,20,127.2,0.74,25.87,35,73,109.3,26.48,9.72,2.43,1.7
Z604,46.67,13,153.5,0.88,27.18,26.33,62,110.3,24.7,9.62,2.55,1.47
Z605,27.58,12,154.5,0.6,26.15,29.33,67,102,24.46,9.82,2.52,1.37
Z606,58.85,13,214.7,0.88,25.9,50.33,80,132.3,31.16,9.9,2.44,1.7
Z607,58.19,14,200.1,0.73,31.23,53.33,84,117.7,29.6,10.5,2.58,1.73
Z608,33.46,11,186.1,0.69,25.23,26,57,99.3,27.14,9.85,2.43,1.6
Z609,62.69,16,171.3,0.79,29.65,45.33,80,115,26.9,8.85,3.02,1.93
Z610,54.64,12,180.3,0.9,30.02,45,86,119.7,28.74,8.78,3,2
Z611,50.55,17,177.3,0.71,25.02,30.67,63,95.7,27.56,9.84,2.43,1.53
Z612,43.09,15,174.2,0.78,21.83,39.33,74,114.7,26.24,8.44,2.5,1.67
Z613,40.5,12,171.1,0.82,25.8,32.33,64,100.7,26.46,9.79,2.49,1.6
Z614,31.53,12,183.4,0.66,23.48,32,63,103,25.34,8.97,2.56,1.83
Z615,52.13,14,210.8,0.77,24.33,33,77,124,26.12,9.35,2.42,1.83
Z616,57.88,15,164.4,0.89,28.45,39.67,86,123.7,28.36,10.09,2.52,2
Z618,42.09,15,173.4,0.68,25.12,41.33,78,116,25.04,9.34,2.56,7.6
Z619,57.19,15,155.3,0.91,29.28,39.33,80,112.7,26.22,9.75,2.74,1.93
Z620,60.96,13,198.2,0.95,27.27,32,97,121,25.88,8.73,2.81,1.93
Z621,44.85,18,152.4,0.67,25.5,26,63,99.3,26.08,9.81,2.52,1.57
Z622,45.73,15,131,0.85,29.02,28.33,65,98,26.12,10.32,2.58,1.63
Z623,46.27,13,175.8,0.76,27.62,34.67,95,126.3,23.32,9,2.7,2
Z625,41.09,17,111.6,0.79,29.72,29.67,67,94,23.34,9.27,2.84,1.43
Z626,40.57,13,174.9,0.64,29.18,37.67,75,117.3,28.54,10.53,2.5,1.77
Z627,34.83,13,166.7,0.75,29.5,44,86,124.3,28.26,10.07,2.61,1.83
Z628,60.73,15,180.1,0.83,30.15,42.33,79,122.3,27.6,10.28,2.59,1.8
Z629,64.41,15,195.6,0.91,26.02,40,84,132.3,25.4,8.8,2.61,1.83
Z630,34.23,13,189.5,0.56,25.87,32,90,123.3,23.5,9.05,2.61,2.17
Z631,71.24,20,196.4,0.77,24.03,43.33,77,110.7,24.64,8.86,2.56,1.9
Z632,60.41,14,254.4,0.71,25.87,36.33,84,119.7,27.32,9.49,2.45,2
Z633,47.41,12,155.3,0.96,27.62,39.67,97,124.7,25.14,8.69,2.77,1.87
Z634,50.04,14,153.5,0.88,28.1,41,78,114,26.82,9.89,2.55,1.8
Z635,32.91,13,125.5,0.82,25.97,28.33,58,88,23.94,10.08,2.45,1.33
Z636,44.26,17,120.2,0.83,29.33,37,78,99.7,24.34,9.86,2.65,1.63
Z637,55.95,19,152.1,0.75,26.1,37.67,75,108.3,27.34,9.96,2.46,1.63
Z638,40.68,9,212.8,0.82,27.85,38.67,78,113.7,27.14,9.64,2.54,1.77
Z639,47.5,13,184.2,0.81,28.67,40.33,75,104.7,23.18,9.39,2.58,1.83
Z640,64.77,14,214.9,0.86,26.63,49.33,84,131.3,31.06,9.79,2.48,1.67
Z641,82.54,18,232,0.79,26.77,47.67,84,124.3,31.52,10.03,2.47,1.77
Z642,63.14,17,197.3,0.81,25.03,54.67,77,121.3,28.56,9.54,2.5,1.8
Z643,65.27,19,187.2,0.79,24.75,47.33,78,116.3,27.38,9.35,2.48,1.73
Z644,57.72,14,208.1,0.79,27.97,48.67,80,123.3,30.28,10.21,2.71,1.83
Z645,48.37,17,162.5,0.71,26.1,23,64,100,24.68,9.83,2.47,1.5
Z646,57.27,20,152.7,0.75,26.07,27.33,66,104,22.2,8.79,2.62,1.5
Z647,45.6,15,170.5,0.78,24.63,29.33,66,105.3,26.84,9.96,2.47,1.3
Z648,36.44,14,146.6,0.75,24.68,29.67,64,99,24.74,9.63,2.51,1.5
Z649,46.26,12,181.6,0.87,25.78,27.67,65,95,23.78,8.77,2.69,1.5
Z650,67.05,14,220.4,0.82,29.83,43.67,86,125.3,26.9,8.53,3.07,2
Z651,65.7,13,233.4,0.81,29.23,36,86,121.3,26.36,8.55,3.02,1.87
Z652,50.63,16,164.5,0.81,25.92,26.33,63,99.7,25.72,9.81,2.47,1.47
Z653,63.95,13,195.7,0.89,30.12,42.33,85,118.3,28.6,8.82,2.96,1.7
Z654,84.44,19,222.2,0.77,27.57,39.67,91,122.3,27.32,9.48,2.52,2
Z655,45.31,12,168.8,0.79,29.68,40,84,122.7,25.58,8.55,3.07,1.9
Z656,53.94,12,228.8,0.8,25.72,46,88,125.7,26.64,8.45,2.86,1.87
Z657,58.4,13,185.7,0.84,31.13,51,87,117.3,28.1,10.07,2.67,1.73
Z658,38.43,15,187.7,0.59,25.12,40,65,107.3,27.96,9.92,2.5,1.5
Z659,77.68,17,184.6,0.85,31.9,40,87,121.7,27.2,10.17,2.71,1.87
Z660,44.16,15,187.8,0.75,22.38,32.67,61,103.7,23.14,8.6,2.59,1.83
Z661,77.83,21,186.6,0.85,25.5,39,78,119,25.14,9.33,2.57,1.97
Z662,7.41,6,231.8,0.26,24.15,36.33,82,79,24.93,9.59,2.63,1.77
Z663,51.37,19,152.7,0.78,24.97,29.67,64,103.3,22.1,9.66,2.6,1.5
Z664,68.5,14,208,0.84,30.63,43.67,80,117.3,27.04,9.81,2.61,1.9
Z665,74.97,12,296.3,0.8,29.93,51.33,80,116.3,29.06,9.65,2.71,2.07
Z666,46.07,15,152.9,0.8,26.08,37.67,55,96.7,23.56,9.89,2.42,1.77
Z667,56.8,13,260.8,0.77,22.48,35.67,78,112.7,27.72,8.82,2.46,1.93
Z668,65.45,14,242.8,0.74,26.35,31.33,78,111.7,29.98,9.66,2.52,1.57
Z669,50.56,17,184.3,0.67,25.55,31.33,62,90.7,26.04,9.98,2.42,1.57
Z670,60.74,12,234.8,0.87,26.92,39.33,80,113.3,26.22,8.82,2.72,1.83
Z671,47.42,15,144.7,0.86,26.57,28.67,59,92.3,23.9,9.63,2.52,1.6
Z672,31.87,11,175,0.6,28.03,24.33,90,107.7,18.94,7.14,3.35,1.9
Z673,43.43,9,202.1,0.89,27.27,29.33,90,103.3,20.1,7.23,3.18,1.87
Z674,27.01,11,158.7,0.55,28.27,28.33,90,107.7,18.96,7,3.31,1.97
Z676,62.17,16,192.1,0.75,29.42,36.67,81,114.3,26.64,9.68,2.78,1.7
Z677,42.6,11,201.5,0.7,29.5,41.33,86,127.7,25.7,10.5,2.53,2.3
Z678,48.27,14,148.9,0.81,30.72,31.33,90,121.7,25.82,10.03,2.57,2
Z679,55.55,16,196.9,0.68,27.8,51.67,87,126,27.3,10.37,2.52,2.2
Z680,42.27,13,132.6,0.83,32.45,32,89,114,23.08,9.87,2.73,2
Z681,47.73,14,184.4,0.74,25.93,36,90,119.3,24.54,9.27,2.48,1.87
Z682,57.92,15,208.8,0.7,27.48,40.33,85,118.3,26.22,10.22,2.5,1.87
Z683,56.23,13,239.6,0.82,24.22,35.67,90,126,26.4,8.83,2.47,2.1
Z685,57.89,12,215.1,0.81,29.88,39,88,124,27.02,9.08,2.91,1.93
Z686,54.11,14,154.8,0.88,31.27,43.33,87,116.7,24.68,9.08,2.97,2.07
Z687,88.14,17,237.2,0.81,28.92,39.33,89,124,27.84,9.02,2.82,2.07
Z688,76.17,20,191,0.71,29.33,43.67,88,120.7,26.96,10.32,2.51,1.9
Z689,52.2,14,175.4,0.68,32.2,31.33,88,116,26.24,10.03,2.73,1.9
Z690,54.68,11,233.5,0.77,29.6,44,85,116.7,25.52,9.76,2.67,2
Z691,67.09,14,226.4,0.79,29.52,42.67,89,125.3,25.16,8.79,2.92,2.1
Z692,41.54,13,189.5,0.63,27.75,29,86,101.7,20.58,7.22,3.21,1.87
Z693,36.75,13,161.8,0.8,25.92,29.67,74,98.3,21.74,7.58,3.21,1.67
Z695,55.27,13,204,0.89,26.47,32,76,103.3,21.28,7.57,3.23,1.73
Z696,30.88,10,190.7,0.72,25.27,30,72,91.3,18.4,7.87,3.06,1.77
Z697,46.06,10,298.4,0.68,25.4,34,75,111.3,24.66,7.69,3.22,1.8
Z698,38.81,14,226.6,0.46,26.7,37.67,86,121,24.96,8.42,2.84,2.17
Z699,59.71,14,207.4,0.83,27.6,33,89,121.7,26.4,8.54,2.92,1.87
Z700,51.13,13,203.8,0.78,26.93,34.33,88,120.7,26.84,9.51,2.57,2
Z701,59.63,13,229.2,0.76,27.92,39,86,122,26.94,9.62,2.65,2
Z702,70.3,17,191.8,0.8,28.53,37.67,92,120.3,25.04,8.89,2.8,2
Z704,58.73,13,165.2,0.87,34.2,33,91,117.7,24.9,10.11,2.81,2.07
Z705,56.16,12,187.8,0.88,29.93,32.67,84,129.3,25.68,9.53,2.64,1.87
Z706,65.67,13,219.2,0.83,30.12,39,88,119.3,26.18,8.93,2.94,2
Z707,39.14,9,193.1,0.83,28.35,25.33,88,107.8,18.72,7.14,3.28,1.8
Z708,25.53,8,157.8,0.86,24.27,35,64,111,25.76,8.36,2.72,1.57
Z709,51.04,10,226.7,0.91,26.73,39,65,107.7,27.26,8.04,3.02,2
Z710,42.63,12,178.1,0.87,24.32,37.67,69,121,27.52,8.16,2.86,1.67
Z711,22.19,7,195.1,0.73,24.07,26,64,91,18.46,7.73,2.95,2
Z712,27.31,10,145.9,0.77,25.4,30,62,98,24.58,7.73,3.09,1.67
Z713,21.68,8,121.5,0.8,29.28,38.67,62,97.3,24.02,7.99,3.22,1.93
Z714,27.72,8,179.9,0.77,25.95,27.67,63,89.3,20.78,7.49,3.15,2
Z715,34.49,8,262.3,0.62,27.35,28.67,69,105.7,22.44,7.84,3.16,2
Z716,31.43,11,128.1,0.87,26.35,28.33,64,96,26.82,7.98,3.11,1.23
Z717,30.61,7,228,0.75,27.73,41.33,77,116,30.26,8.43,3,2.27
Z718,29.58,9,175.8,0.69,28.1,29,69,102.7,21.28,7.94,3.19,1.87
Z719,80.15,18,218.8,0.9,23.67,37.5,94,123,24.18,7.81,2.86,1.7
Z720,66.06,16,211.5,0.83,24.4,36.33,73,117.7,26.16,8.09,2.9,1.87
Z721,54.41,13,176.4,0.82,30.27,41.67,86,125.7,25.22,8.72,3.12,2
Z722,75.49,17,189.4,0.84,30.02,43,86,124,28.54,8.9,2.92,1.9
Z723,23.22,8,124.8,0.82,28.98,31.67,62,91,26.42,7.89,3.5,1.63
Z724,27.46,11,147.6,0.82,22.95,24.5,70,91.5,19.64,7.78,3.15,1.8
Z725,73.76,19,219.3,0.76,25.4,49.67,79,118,30.1,9.86,2.54,1.73
Z726,56.93,14,200.1,0.73,30.75,43,81,125.3,28.9,10.53,2.64,1.87
Z727,50.95,10,255.2,0.72,29.58,35,85,133.3,26.96,10.54,2.58,2.27
Z728,58.14,15,211.7,0.66,28.1,45,86,123.3,28.78,10.47,2.51,2.03
Z729,56.45,15,195.1,0.74,28.88,42.33,76,127,29.4,9.83,2.65,2
Z730,59.71,13,229.4,0.7,32.32,40.67,86,122.7,29.18,9.75,2.85,2.13
Z731,79.91,16,202.9,0.86,29.88,43.33,80,129.7,30.86,10.46,2.62,1.87
Z732,71.08,18,182.4,0.83,29.25,55,79,126.7,31.22,10.53,2.63,1.67
Z733,61.41,13,214.8,0.72,32.72,43.67,81,132.7,33.26,10.63,2.67,2
Z734,62.29,20,142.1,0.71,33.67,39.67,81,134.3,29.48,10.57,2.88,1.87
Z735,75.6,19,214,0.72,26.65,49,76,128.3,27.94,9.63,2.57,1.77
Z736,53.4,10,235,0.74,31.72,51.33,78,129,31.66,11.1,2.51,1.9
Z737,41.84,14,179.9,0.66,27.92,38.67,74,127,28.76,9.79,2.52,1.73
Z738,59.37,13,232.1,0.78,27.87,44.67,89,128,30.54,9.72,2.67,2.3
Z739,48.15,15,194.1,0.65,27.73,51.33,81,126,31.7,10.08,2.61,2.1
Z740,58.13,15,172,0.73,34.57,32.67,86,128.7,28.34,9.93,2.87,1.93
Z741,64.59,16,187.8,0.74,32.1,38.33,85,122.3,29.16,11.14,2.6,2
Z742,44.5,10,181.7,0.87,31.52,47,81,137.3,30.04,10.8,2.66,1.77
Z743,40.64,16,202.2,0.67,30.72,41.67,80,126.3,27.96,10.07,2.72,2.03
Z744,82.92,17,201.9,0.87,31.17,53,81,127.3,31.32,10.68,2.67,1.7
Z745,61.6,13,256.5,0.69,29.42,49.67,84,121.3,31.74,10.18,2.64,1.93
Z746,62.14,17,179.7,0.7,30.9,41.33,85,134.7,32.32,10.4,2.68,1.93
Z747,65.31,13,200.5,0.82,32.82,42.67,81,122.3,29.98,10.04,2.79,2
Z748,44.61,11,209.3,0.77,28.65,40.67,77,118,26.48,9.25,2.89,1.97
Z750,55.45,12,241.5,0.75,26.6,33.33,87,123,31.4,8.88,2.96,2.13
Z751,44.9,17,184.6,0.71,21.5,28.33,128,90.3,23.5,7.93,2.72,1.93
Z753,50.42,12,164.4,0.87,31.58,44.33,78,122.3,26.58,9.4,2.98,2.07
Z754,61.48,16,198.3,0.73,28.37,41,80,127.3,26.5,8.83,2.94,2.07
Z756,36.44,13,216.5,0.56,24.8,34.67,129,91.3,22.18,8.25,2.93,1.9
Z757,36.75,15,195.5,0.52,24.65,38,129,95.7,21.84,8.17,2.99,2.07
Z758,61.12,14,244.9,0.67,29.2,32,78,113.3,29.84,11.08,2.53,1.47
Z759,52.99,11,216.4,0.79,29.22,36.33,91,116.7,24.62,9.12,2.75,1.77
Z760,68.38,21,206.1,0.64,27.47,32,87,122,26.7,9.57,2.71,2.03
Z761,113.21,21,315.3,0.81,22.75,41,88,122,25.54,8.97,2.41,2
Z762,78.89,18,256,0.72,25.35,39,89,123,31.64,9.51,2.46,2
Z763,46.51,13,198,0.61,31.93,42.67,81,118.3,28.56,8.77,3.19,2.1
Z764,79.9,16,242.4,0.84,26.63,38.67,81,123.7,24.76,8.62,2.93,2
Z765,66.39,11,258.8,0.79,31.73,50.33,81,114,28.3,10.63,2.72,2
Z766,78.88,15,238.1,0.79,31.2,49,80,117,26.88,10.52,2.65,2.03
Z767,66.32,18,212.8,0.7,25.97,40,87,118.3,25,9.52,2.54,1.9
Z768,57.64,13,258.2,0.7,26.4,40.67,80,116,25.66,9.82,2.65,1.93
Z769,51.9,18,181.3,0.63,27.4,43.67,77,114,27.86,9.7,2.63,1.8
Z770,70.46,18,221.7,0.79,23.77,43.33,84,119.3,27.44,8.67,2.59,1.87
Z771,64.35,17,232.3,0.65,27.47,52.67,87,129.7,28.32,9.69,2.6,1.93
Z772,56.57,10,315.8,0.82,24.2,47.67,85,130,31.32,8.54,2.64,2.03
Z773,59.94,13,277.6,0.65,28.02,42.33,87,120.3,32.04,10.23,2.65,1.93
Z774,51.52,13,185.5,0.75,30.87,53.67,84,129.3,29.32,10.69,2.61,1.77
Z775,51.33,13,214.8,0.73,27.37,46.67,86,132.3,30.96,10.47,2.59,1.8
Z776,69.89,12,262.5,0.79,31.42,51,85,136.3,33.72,10.96,2.66,2.1
Z777,41.49,12,187.5,0.65,31.07,41.33,84,124.3,26.82,9.54,2.82,2.07
Z778,70.32,19,185.6,0.81,27.12,41,74,115,29.56,10.12,2.55,1.87
Z779,59.47,14,183.5,0.79,31.03,40,86,117.3,29.28,9.91,2.75,2.13
Z780,71.8,15,205.3,0.86,29.97,44.67,81,124,31.86,9.82,2.68,1.93
Z781,72.55,13,232,0.84,29.65,47.67,88,126.3,28.72,8.79,2.93,2.37
Z782,59.11,16,181.4,0.77,29.48,44.33,81,120.3,28.9,10.29,2.6,2.17
Z783,64.8,17,201.2,0.72,29.27,57.67,81,132.7,28.1,9.99,2.67,1.93
Z784,43.6,11,183.5,0.8,30.98,44.33,81,136,28,9.25,3.02,2.13
Z785,51.5,13,182.3,0.8,28.42,38.67,81,127,29.5,9.05,2.94,2.23
Z786,48.88,11,188.1,0.75,34.28,39.33,88,132.7,29,10.25,2.88,2.37
Z787,55.1,11,208.4,0.83,31.9,36.33,86,130.3,28,10.04,2.7,2.03
Z788,67.31,15,218.3,0.72,30.63,41,89,132.7,28.6,8.7,3.13,2.4
Z789,43.17,12,202.6,0.65,30.68,46.67,88,129.7,26.82,8.93,3.28,2.5
Z790,39.3,10,209.7,0.72,29.17,46,84,127.7,27.78,9.05,2.91,2.07
Z791,35.71,9,222.9,0.68,29.35,40.33,85,132,26.42,10.46,2.51,2.4
Z792,53.06,12,201.3,0.77,30.75,47,89,133.7,29.46,8.67,3.11,2.33
Z793,56.24,13,186.1,0.74,32.73,46.67,86,131.3,31.18,8.97,3.25,2.3
Z794,48.7,13,149.3,0.81,34.2,42.33,84,136.3,30.52,10.61,2.9,2
Z795,69.75,15,212.7,0.81,30.33,51,87,133.7,29.56,8.91,3.03,2.23
Z796,58.78,15,156.1,0.88,31.93,44.67,91,127,27.42,9.83,2.78,1.87
Z797,65.97,16,203.1,0.8,28.25,50.67,88,131.3,30.3,9.06,2.9,2.27
Z798,46.89,17,141.8,0.75,29.13,47,77,125.3,28.78,9.69,2.75,2.23
Z799,55.33,12,194.2,0.82,30.93,42.33,90,124,30.72,9.66,2.77,2.23
Z800,52.82,16,154.1,0.78,30.93,55,85,128,29.78,9.5,2.9,2.13
Z802,68.45,13,169.4,0.89,35.92,47.33,87,126.7,33.12,10.66,2.91,2.13
Z803,55.08,12,192.6,0.78,32.55,53.67,88,126.3,31.6,10.1,2.73,2.2
Z804,56.4,15,152.5,0.71,36.07,51.33,86,131.7,32.96,10.74,2.87,2.07
Z805,65.52,16,186.3,0.75,31.98,47.33,86,129.3,29.66,10.19,2.89,2.27
Z806,49.94,14,195.3,0.61,34.33,48.67,80,135,27.72,9.99,2.99,2.37
Z807,52.82,15,196.9,0.67,29.63,41.33,80,128.3,29.08,10.04,2.62,2.07
Z808,53.9,17,156.1,0.71,30.65,40.33,80,128.7,28.7,11.03,2.84,2.07
Z809,32.46,12,168.5,0.63,30.05,42.33,79,121.7,26.02,10.56,2.62,2.03
Z810,68.42,15,185.9,0.83,30.68,52.67,90,129.3,28.88,9.45,2.84,2.07
Z811,50.22,14,180.1,0.81,32.33,50,81,127.7,29.9,10.64,2.67,1.83
Z812,71.96,15,203.2,0.77,33.23,50,81,137,32.16,10.49,2.75,2.2
Z813,75.78,14,258.8,0.78,29.3,55.67,87,123.3,27.78,9.06,2.86,2.2
Z814,40.88,10,190.4,0.76,30.12,38.67,84,136.7,31.44,10.69,2.57,1.73
Z815,64.33,16,177.9,0.8,30.58,45.67,84,129,30.82,10.77,2.63,1.83
Z816,46.29,12,166.3,0.82,30.67,36.67,91,132,25.08,8.66,3.11,2.27
Z817,56.05,12,194.2,0.79,33.17,36.67,84,129.7,27.1,10.38,2.77,2
Z818,34.88,11,140,0.79,32.02,45.67,86,123.3,26,9.06,3.09,2.03
Z819,40.55,11,196.5,0.75,28.3,42.33,81,118,26.22,9.25,2.79,1.93
Z820,53.24,13,178.4,0.8,30.92,43,84,120,29.52,9.16,2.97,2.03
Z821,43.65,11,176.1,0.77,32.2,45,87,128.7,26.08,8.87,3.19,2.27
Z822,31.36,17,132.8,0.58,26.63,43.33,77,119.3,25.62,8.79,2.87,1.7
Z823,53.91,17,183,0.75,24.92,47.33,78,121.7,27.96,8.44,2.79,1.73
Z824,23.13,10,175.9,0.56,27.13,42,87,124.3,25.94,9.5,2.65,1.93
Z825,52.13,13,171.1,0.88,29.28,41.33,87,128.7,27.8,8.71,2.97,2.23
Z826,35.53,13,138.5,0.69,31.25,32,72,115.3,23.14,8.72,3.2,1.6
Z827,51.05,14,192.4,0.82,25.32,44.33,84,116.7,28.32,9.23,2.46,1.67
Z828,24.84,13,130,0.59,26.5,43.67,75,125,27.06,9.87,2.43,1.73
Z829,42.58,13,176.4,0.79,26.6,36.33,86,120.7,27.4,9.45,2.47,1.73
Z830,48.27,12,196.8,0.74,30.02,49,85,133.3,28.6,8.92,2.96,2.03
Z831,48.62,14,160.6,0.71,31.72,45,85,120.7,28.66,10.64,2.56,1.87
Z832,46.46,12,159.8,0.82,31.47,39,87,119.7,26.78,9.41,2.86,1.93
Z833,49.26,15,134.7,0.87,30.22,41.33,78,119.3,27.88,9.61,2.76,1.83
Z834,55.58,14,176.3,0.79,31.05,39.67,74,110.3,27.52,10.48,2.71,1.7
Z835,57.45,12,221.4,0.79,30.17,43.33,78,121.7,29.18,10.18,2.58,1.8
Z836,44.87,15,179,0.69,26.42,43.33,79,123.3,29.26,8.82,2.8,1.93
Z837,43.22,13,178.6,0.78,26.13,43.67,80,122.7,31.16,10.15,2.49,1.83
Z838,46.14,11,156.5,0.85,34.27,42.67,84,128.3,30.74,10.87,2.78,1.83
Z839,47.61,13,187.3,0.69,31.02,40.67,87,126,28.36,10.34,2.65,1.8
Z840,46.64,13,188.2,0.68,30.83,44.67,62,123,30.2,9.81,2.67,2
Z841,44.1,15,134.1,0.79,30.77,38.67,77,121.3,27.04,10.03,2.71,1.9
Z842,39.06,14,185.9,0.53,32.1,42.33,83,123.7,28.06,9.61,3,1.8
Z843,55.69,18,154.6,0.74,28.63,40.33,74,110.7,26.58,9.88,2.49,1.8
Z844,43.78,14,144.7,0.78,30.02,37.33,84,119.7,28.88,9.56,2.7,1.83
Z845,49.09,10,230.1,0.75,30.02,38.67,83,120.3,29.4,8.95,2.93,1.97
Z846,41.91,13,164.8,0.66,32.45,40,79,134.7,30.02,10.31,2.77,2.1
Z847,48.42,16,163,0.73,29.13,40.67,87,128,30.4,10.25,2.58,1.77
Z848,46.64,13,201.2,0.61,31.25,42.33,81,128,30.14,10.61,2.58,1.87
Z849,44.51,12,165.8,0.78,31.23,40.33,87,126.7,26.66,8.86,3.01,2.17
Z850,43.32,10,172.4,0.87,34.53,44.33,86,129,30.92,9.86,2.9,2.1
Z851,49.51,13,194.8,0.73,30.28,39.67,84,136,28.96,8.82,3.03,1.97
Z852,54.5,14,174.9,0.77,33.12,38,86,133.3,29.24,9.75,2.89,2.03
Z853,34.02,11,136.7,0.73,33.57,40.67,86,130.7,28.08,9.89,2.85,1.93
Z854,37.94,11,197,0.71,26.7,31.67,89,135.7,25.74,8.58,2.86,2
Z855,39.5,12,177.3,0.73,28.03,43.33,88,120.7,28.24,8.45,3.02,1.97
Z856,34.63,11,166.9,0.66,30.58,37,84,130,26.8,9.21,2.97,2
Z857,44.6,11,243.7,0.69,26.12,38.67,87,125.3,28.48,8.44,2.95,2.2
Z858,54.73,14,175.1,0.77,31.92,39,85,137.7,31.12,10.72,2.74,2
Z859,42.24,11,163.9,0.76,34.22,41.33,86,129,31.18,10.62,2.75,2
Z860,35.44,10,164.7,0.75,30.08,39.33,87,125.7,28.06,8.94,2.99,1.9
Z861,47.51,11,218.8,0.69,31.17,36.67,85,125.7,30.18,10.09,2.73,1.9
Z862,43.49,11,211.7,0.69,30.38,37,84,133.3,31.3,9.97,2.76,1.9
Z863,49.79,9,220.7,0.78,35.2,42.67,80,126,34.88,10.52,2.83,1.83
Z864,40.58,13,143.5,0.76,30.87,36.67,84,134,30.74,9.42,2.9,1.8
Z865,61.21,14,253.6,0.7,25.35,41,84,140,28.2,8.75,2.68,2.07
Z866,32.91,10,181.8,0.67,28.68,36.67,84,137.7,30.34,9.35,2.81,1.9
Z867,46.62,12,198.3,0.77,28.17,38.33,84,122,30.26,9.18,2.73,1.97
Z868,42.73,12,155.9,0.75,32.8,36.33,85,135.7,31.42,10.65,2.68,1.77
Z869,43.19,16,106.9,0.84,31.95,34.67,78,130.7,28.7,10.21,2.75,1.77
Z870,43.64,11,153,0.85,32.72,34.33,86,135.3,27.6,10.4,2.77,1.73
Z871,43.27,14,160.9,0.71,30.35,46.67,84,118.3,28.74,10.58,2.6,1.97
Z872,36.55,11,155.7,0.67,35.23,41,87,134.3,30.02,10.59,2.82,1.9
Z873,66.84,17,170.4,0.85,30.03,47,84,129,28.74,10.57,2.5,1.77
Z874,46.72,13,147.8,0.78,34.53,40.33,82,125.7,28.94,10.82,2.77,1.93
Z875,42.11,10,165.6,0.9,30.97,38.33,91,120.7,23.8,9.42,2.82,2.13
Z876,56.98,14,174.4,0.76,32.9,41,90,123,27.7,10.09,2.76,2.03
Z877,49.91,10,207.6,0.79,32.65,42.33,91,128,27.42,10.26,2.68,2.03
Z878,52.5,11,204.2,0.76,33.22,39,86,128.3,32.18,9.78,2.92,2.03
Z879,45.69,13,161.8,0.79,30.18,38.33,86,130,29.2,8.99,2.98,2
Z880,55.07,12,215.7,0.76,31.03,48,84,126.7,29.76,10.17,2.74,1.93
Z881,53.51,11,225.6,0.8,29.88,38,85,126,27.34,9.82,2.6,1.97
Z882,39.9,10,129.7,0.88,36.38,36,78,132.7,28.86,10.39,2.98,1.83
Z883,51.49,11,222.3,0.74,30.87,41,87,134.3,31.22,9.84,2.7,2
Z884,53.47,13,166.2,0.75,36,38,85,128,31.78,11.17,2.82,1.87
Z885,58.53,15,178.3,0.74,32.08,42,78,120.3,29.3,10.66,2.65,1.73
Z886,46.95,14,174,0.73,28,36.33,84,131.3,28.38,9.18,2.74,2.03
Z887,46.26,14,144.9,0.79,32.3,38.33,84,121.3,24.8,9.04,3.16,2
Z889,35.63,9,210.8,0.63,31.38,40.33,87,125.3,28.32,8.6,3.2,1.97
Z890,31.18,11,161.6,0.74,24.82,25.33,62,102,23.38,9.35,2.52,1.6
Z891,49.12,13,154.3,0.78,33.82,42.33,86,116.7,26.52,10.7,2.77,1.87
Z892,35.46,11,162.5,0.83,26.07,25,65,108,24.5,9.5,2.45,1.7
Z893,42.36,15,164.1,0.77,22.97,20.33,58,102,21.54,9.44,2.36,1.47
Z894,45.63,11,189.7,0.77,31.23,51,81,123,29.22,10.39,2.57,1.77
Z895,39.7,13,183.4,0.7,25.65,37.67,81,112.3,22.54,9.38,2.75,2
Z896,42.46,14,163,0.72,27.82,34,77,111,25.16,9.55,2.63,1.83
Z897,39.18,13,141.8,0.77,28.92,34.67,74,106,23.04,9.94,2.63,1.63
Z898,52.37,20,136.7,0.76,27.2,34.33,77,107,23.7,9.13,2.66,1.87
Z899,35.6,12,184.9,0.7,23.65,35.33,62,111.3,25.2,8.98,2.58,1.77
Z900,34.83,11,157.8,0.81,25.83,28.33,70,107,25.24,9.28,2.53,1.67
Z901,32.9,10,164.8,0.78,26.68,37.67,71,105.7,25.24,9.29,2.57,1.77
Z902,39.95,12,165.3,0.78,28.15,35.83,84,113,27.56,9.72,2.62,1.8
Z903,57.81,14,179.9,0.84,29.08,38.67,80,111,26.5,9.85,2.7,1.83
Z904,48.79,11,199.6,0.85,28.75,50.33,79,119.3,28.06,9.83,2.63,1.83
Z905,48.31,11,179.3,0.94,28.87,39.33,80,119,27.04,10.19,2.48,1.7
Z906,60.8,15,184.5,0.93,25.2,38.83,91,122.7,27.52,9.41,2.5,1.9
Z907,42.87,11,200.5,0.75,28.7,49.67,75,119.3,28.62,10.26,2.57,1.77
Z908,47.93,11,198.9,0.8,30.35,49.67,84,127,30.86,10.66,2.63,1.73
Z909,36.13,12,145.7,0.81,26.28,25.67,61,105.3,24.52,9.57,2.45,1.73
Z910,24.74,9,165,0.74,23.45,36.33,65,111.7,27.22,10.02,2.45,1.63
Z911,53.65,14,164.9,0.87,28.58,42,84,123.7,26.62,8.84,2.87,1.93
Z912,38.14,14,140.4,0.67,30.53,31.5,79,115.3,23.26,10.3,2.76,1.83
Z913,53.07,15,166.9,0.77,29.28,41.67,87,105,25.9,9.85,2.72,1.87
Z914,65.54,22,170.5,0.74,25.08,35.33,86,105.7,25.18,9.49,2.45,1.67
Z915,44.96,13,142,0.9,27.97,29.33,60,95.7,24.4,9.84,2.54,1.7
Z916,39.23,12,199.8,0.67,25.68,34.5,77,115.7,28.64,9.76,2.54,1.93
Z917,27.73,15,146.3,0.49,26.43,31.67,62,99.3,26.66,9.93,2.4,1.77
Z918,40.62,13,175,0.69,26.32,41.33,75,106,25.68,9.58,2.53,1.73
Z919,33.68,10,209.3,0.71,24.12,41,73,104.3,26.58,9.51,2.41,2.3
Z920,44.59,12,196.3,0.85,27.67,37.17,74,111.7,26.66,9.76,2.57,1.9
Z921,47.55,9,245.7,0.89,25.97,36.67,89,123.7,25.84,9.38,2.38,2.03
Z923,32.38,10,195.3,0.67,26.97,35.33,79,125,30.02,9.65,2.7,1.8
Z924,51.74,14,177.6,0.79,28.07,33.67,88,124.3,30.72,9.75,2.48,1.93
Z925,62.35,16,198.2,0.75,27.52,46.83,80,114.3,32.04,10.08,2.64,1.6
Z926,43.81,11,191.5,0.85,25.93,35.67,71,117.3,25.86,9.49,2.48,1.97
Z927,39.07,13,153,0.85,25.42,28.17,67,113,25.6,9.77,2.42,1.73
Z928,45.73,18,150.3,0.77,23.48,27.33,59,101.7,22.9,9.41,2.41,1.7
Z929,75.13,18,177.5,0.81,29.72,48,86,120,29.72,9.87,2.63,2.2
Z930,31.32,15,128.3,0.67,25.95,36.17,70,111,24.3,9.57,2.51,1.8
Z931,41.83,12,147,0.86,29.73,36,84,129.7,27.96,9.86,2.73,1.93
Z932,27.97,10,154.8,0.78,26.05,33.33,73,104.3,23.78,9.66,2.52,1.77
Z933,60.51,13,209.5,0.8,30.75,53.67,85,120,31.16,10.13,2.71,2.23
Z934,39.33,9,219.3,0.8,27.05,36.83,71,106,27.88,10.45,2.49,1.63
Z935,45.45,10,232,0.77,27.1,49.17,78,113.3,29.14,10.16,2.6,1.77
Z936,43.63,14,200.9,0.69,24.33,25.67,62,102,23.74,9.27,2.48,1.73
Z937,46.34,12,183.5,0.91,24.43,36.5,92,118,26.62,9.28,2.4,2
Z938,29.64,8,238.9,0.67,23.93,32.5,64,99.7,25.28,9.39,2.57,1.95
Z939,34.97,13,193.6,0.58,24.3,37.67,66,96,27.6,9.93,2.38,1.53
Z940,70.72,15,239.5,0.85,25.22,51.17,78,113.7,28.1,9.43,2.52,1.83
Z941,48.07,10,230.3,0.91,24.6,51.67,92,136.3,28.8,9.04,2.49,2.17
Z942,45.19,14,178.9,0.69,28.4,42.67,81,118,29.84,10.47,2.61,1.73
Z943,45.2,9,259.8,0.81,25.77,38.83,79,124.3,28.74,9.43,2.5,2
Z944,56.85,17,205.6,0.64,27.15,43,79,114.7,26.92,9.71,2.6,1.7
Z945,68.84,19,169.6,0.77,29.97,50.67,80,121,30.6,10.61,2.65,1.7
Z946,40.8,17,169.2,0.67,23.43,35.67,73,124,25.94,9.83,2.48,1.6
Z947,42.77,15,152.6,0.8,24.8,28.33,65,103.7,24.2,8.42,2.73,1.77
Z948,48.67,16,158,0.84,24.9,44,78,121.3,25.9,9.38,2.55,1.77
Z949,53.01,21,168.4,0.56,28.87,45,79,116,25.16,9.38,2.77,1.67
Z950,81.68,16,215.4,0.81,31.18,43.33,87,119.7,30.4,10.43,2.62,1.87
Z951,56.3,15,182.8,0.75,29.6,41.83,87,122.7,28.96,10.31,2.59,1.77
Z952,57.17,17,162.3,0.79,27.97,38.5,73,113.7,26.14,9.74,2.55,1.93
Z953,60.35,13,225,0.77,28.38,50.33,78,122.3,31.42,9.81,2.69,2
Z954,71.62,19,190.5,0.8,26.83,46,81,123.7,28.34,9.58,2.57,1.83
Z955,55.75,15,167.3,0.82,29.45,49.83,80,124.7,28.48,10.04,2.73,2
Z956,45.26,12,209.8,0.63,31.67,40,82,124,28.24,10.16,2.72,2.07
Z957,47.71,12,206.3,0.72,29.23,36.33,88,119,25.82,10.04,2.53,2
Z958,34.68,12,187.7,0.74,22.63,29,72,106.7,23.84,9.26,2.46,1.93
Z959,42.48,12,159.2,0.88,26.98,27.33,61,106.7,24.66,9.72,2.49,1.77
Z960,44.83,11,190,0.87,25.85,36,74,105,25.48,9.6,2.56,1.97
Z961,47.77,12,190.3,0.86,25.9,36,87,118.3,27.84,9.28,2.4,2.07
Z962,41,12,179.8,0.8,24.95,29.67,67,110.3,24.84,9.4,2.48,1.9
Z963,43.3,13,162,0.82,27.5,39.67,78,109,25.44,9.55,2.65,1.97
Z964,40.91,16,150.7,0.67,26.52,29.33,64,111.7,26.76,10.1,2.48,1.5
Z965,40.79,12,156.9,0.86,26.55,41,75,115.3,24.82,9.91,2.56,1.83
Z966,57.11,12,281.1,0.73,24.92,44,86,119.3,28.92,9.15,2.64,2.13
Z967,44.01,15,141.6,0.8,26.85,24.67,68,108.7,22.02,9.53,2.52,1.8
Z968,36.85,12,153.9,0.81,26.82,45,78,119,25.84,9.79,2.55,1.8
Z969,55.34,12,221.9,0.75,29.67,48.67,80,124,31.62,10.59,2.67,1.7
Z970,43.22,13,163.8,0.84,25.23,25.33,70,112.3,25.58,9.46,2.41,1.9
Z971,49.96,13,155.8,0.93,27.48,43.33,85,122.3,27.6,9.86,2.51,1.9
Z972,61.78,22,156,0.7,26.4,27,65,95.3,25.5,9.95,2.5,1.43
Z973,60.61,17,208.2,0.76,24.47,46.5,85,113,23.86,9.3,2.48,1.77
Z974,48.86,16,181.4,0.68,27.53,35.33,80,114.7,26.76,9.85,2.54,1.77
Z975,40.17,10,215.1,0.86,23.42,40.33,78,108.7,26.74,8.38,2.63,1.9
Z976,42.32,15,157.1,0.71,26.8,38,72,110.7,26.28,9.76,2.42,1.5
Z977,38.69,13,154.6,0.74,27.68,28.5,64,100.3,24.32,9.89,2.53,1.63
Z978,50.79,14,152.1,0.84,31.08,43,78,126.3,27.02,9.96,2.7,2.03
Z979,38.37,11,173.7,0.79,27.98,36.83,66,112.3,27.12,10.58,2.41,1.77
Z980,45.26,11,188.9,0.87,26.82,49.5,75,117.7,27.44,9.99,2.49,1.87
Z981,23.78,13,123.2,0.63,23.9,29.5,64,101.3,23,8.53,2.56,1.8
Z982,34.02,12,167.8,0.71,25.43,21,63,100.3,23.84,9.79,2.38,1.67
Z983,41.15,13,165.5,0.74,26.55,37.33,71,110.7,25.96,9.9,2.49,1.57
Z984,46.82,15,132.7,0.87,28.73,42.33,78,105.7,23.3,9.48,2.64,2.07
Z985,61.89,19,145.4,0.87,28.63,42.33,87,121.3,26.96,9.63,2.56,1.87
Z986,31.38,13,115.6,0.73,30.17,43,86,119.3,24.48,9.71,2.59,1.83
Z987,65.4,14,207.4,0.91,27.03,38,93,116.7,23.82,9.48,2.47,2.03
Z988,48.76,13,229.2,0.65,27.45,37.17,85,130.3,28.1,10.65,2.41,2.3
Z989,66.44,14,175.1,0.9,32.97,41.83,87,118.7,26.4,10.24,2.7,2
Z990,54.25,15,223.7,0.61,27.98,41.33,88,125,28.9,9.34,2.69,2.1
Z991,65.52,13,213.8,0.89,28.42,40.67,84,121.7,27.36,8.75,2.87,2.07
Z992,40.57,11,174.5,0.87,26.9,46,75,115.7,27.98,7.88,3.18,2.13
Z993,62.54,14,201.9,0.81,28.78,40.67,84,135.7,28.8,9.11,2.8,2.03
Z994,47.9,12,193.3,0.72,30.52,33.67,81,114.7,25.44,10.3,2.72,2
Z995,52.04,10,221.8,0.86,30.2,45.67,81,127.3,29.9,8.86,2.96,2.17
Z996,45.82,15,156.5,0.86,24.78,35,80,115.3,23.28,7.49,2.92,1.83
Z997,47.74,16,255.5,0.54,24.02,41.33,73,117,26.88,9.1,2.41,2.03
Z998,40.02,12,151.1,0.92,25.27,42.17,79,127.3,26.74,7.74,3.14,1.97
Z999,39.84,16,138.4,0.72,25.93,33.67,74,100.3,25.06,9.48,2.51,1.77
Z1000,50.3,12,185.1,0.85,29.5,45,87,135.7,28.9,9.94,2.58,2.27
Z1001,49.99,11,220.7,0.82,27.8,46.67,86,130.7,29.42,8.51,2.86,2.17
Z1002,37.91,10,176.4,0.79,30.98,38.33,88,128.3,26.52,9.97,2.66,2.27
Z1003,47.83,15,166.9,0.67,31.1,39.33,85,118.7,25.5,10.2,2.69,1.87
Z1004,40.25,11,168.8,0.85,26.08,43.33,73,110.3,24.92,9.71,2.46,1.8
Z1005,48.56,13,154.2,0.8,33.67,40.67,87,114.3,26.56,10.09,2.8,1.87
Z1006,58.13,11,219.7,0.88,29.45,41,82,140,28.78,8.97,2.95,2.2
Z1007,47,12,179.8,0.93,25.23,42.67,77,118.3,26.88,9.36,2.56,1.97
Z1008,45.98,14,167.2,0.92,25.05,37.67,86,129.7,26.24,7.75,3.1,1.77
Z1009,54.28,16,183.4,0.77,26.68,42.67,85,119.3,25.66,8.09,2.98,2.27
Z1010,45.99,8,247.6,0.87,28.7,48,83,126.7,28.7,9.68,2.69,2.13
Z1011,57.96,13,193.1,0.86,30.97,38.33,89,127.3,26.16,9.81,2.62,2.2
Z1012,39.89,11,229,0.65,26.35,42.67,72,107.3,25.46,10.15,2.54,2.07
Z1013,57.95,14,222.5,0.81,26.08,44.67,79,124,23.94,9.2,2.6,1.97
Z1014,57.82,15,184.2,0.79,29.93,46,87,125,25.66,9.01,2.89,2.13
Z1015,50.66,14,176.9,0.69,31.3,49.33,78,118.7,29.68,9.91,2.73,1.93
Z1016,48.52,11,187,0.75,34.87,58,80,130,29.6,10.48,2.95,1.83
Z1017,49.72,11,210.3,0.76,31.33,45.33,78,118,25.66,10.18,2.69,1.77
Z1018,38.54,18,155.3,0.57,25.08,27,63,95.7,22.26,9.95,2.39,1.8
Z1019,33.62,11,189.7,0.7,24.5,33.67,58,97.3,25.12,9.78,2.46,1.7
Z1020,44.98,16,161.4,0.71,25.9,29.83,66,109.7,26,10,2.51,1.6
Z1021,41,15,116.2,0.88,28.15,35.33,73,109.7,24.52,9.59,2.63,1.73
Z1022,30.57,19,126.4,0.56,25.18,40.67,73,104.3,26.98,9.86,2.44,1.67
Z1023,32.35,12,128.4,0.76,29.75,36.5,75,110.7,22.7,9.69,2.66,1.97
Z1024,52.03,14,185.1,0.86,24.68,47.83,80,127,28.6,9.32,2.51,1.87
Z1025,34.07,13,184.2,0.65,24.32,49.67,81,123.7,27.94,8.9,2.49,2.03
Z1026,51.95,18,133.9,0.64,37.4,38,79,120,28.06,10.85,2.97,1.97
Z1027,50.76,15,160.7,0.82,28.82,42.67,79,115.3,26.24,8.55,2.96,2
Z1028,51.88,18,155.3,0.7,27.67,30.83,65,97.3,23.32,9.92,2.55,1.6
Z1029,46.7,21,144.3,0.65,25.53,38.5,74,105,26.44,9.82,2.32,1.4
Z1030,50.05,16,164.3,0.79,26.1,44.33,76,115.7,28.24,9.81,2.48,1.8
Z1031,29.64,14,128.7,0.67,25.98,26.33,63,105.3,23.42,10.01,2.53,1.67
Z1032,46.63,10,199.8,0.9,28.72,49.5,87,130,26.54,8.9,2.88,2.07
Z1033,39.12,14,201.8,0.61,23.7,46.5,77,113,25.4,8.52,2.73,1.7
Z1034,46.32,18,157.3,0.65,26.1,32.17,63,101.3,24.38,8.81,2.78,1.77
Z1035,24.28,11,141.1,0.59,26.8,27.17,65,108.3,24.74,9.77,2.45,1.83
Z1036,54.01,13,184.8,0.9,26.38,48,78,111.7,26.46,8.95,2.67,2.03
Z1037,38.04,12,225.9,0.67,21.95,36.67,70,117,25.64,9.3,2.32,1.93
Z1038,63.51,14,190.5,0.83,32.03,42.67,88,130.7,27.92,10.17,2.62,1.93
Z1039,58.05,12,278.1,0.68,26.78,49.67,87,131,29.14,8.83,2.86,2.57
Z1040,36.97,9,205.7,0.79,27.2,38.33,79,127.7,24.28,9.37,2.69,2.23
Z1041,31.91,10,161.1,0.85,24.2,26.67,61,101,23.82,9.76,2.34,1.77
Z1042,45.61,21,117.8,0.78,26.12,42.33,75,102,25.24,9.9,2.31,1.53
Z1043,38.98,13,220.4,0.67,21.15,47,74,110.7,26.66,8.52,2.48,1.7
Z1044,39.73,13,155.6,0.78,26.85,25.33,63,102.3,24.2,9.98,2.56,1.73
Z1045,46.59,16,160.1,0.77,25.2,41.33,74,108.3,29.28,9.72,2.43,1.73
Z1046,47.99,13,231.2,0.72,24.45,38,82,113.7,26.26,9.58,2.43,1.87
Z1047,48.64,16,157.1,0.78,26.35,33.67,74,102,24.76,9.71,2.48,1.8
Z1048,48.05,16,219.8,0.59,24.63,36.67,75,101.7,24.2,8.77,2.6,1.83
Z1049,45.96,12,208.5,0.79,24.78,45,81,118.3,26.38,9.17,2.54,2.07
Z1050,42.01,11,198.1,0.76,28.2,44.33,80,121,28.26,8.74,2.89,2.03
Z1051,34.06,17,125.3,0.69,25.93,30.33,71,100.7,23.78,9.54,2.47,1.77
Z1052,51.54,15,161.8,0.81,27.48,47.67,76,114.7,22.54,9.58,2.57,2.1
Z1053,61.37,18,211,0.68,24.62,49,80,107.3,31.66,9.72,2.47,1.87
Z1054,69.47,17,205.1,0.84,25.75,41.33,79,113.7,25.24,9.46,2.48,1.97
Z1055,43.88,12,178.6,0.87,25.13,33,65,104.7,24.22,8.77,2.65,1.67
Z1056,61.47,20,153.4,0.77,27.62,38.5,62,103.3,24.26,9.96,2.5,1.6
Z1057,34.23,11,153.5,0.69,29.93,29.33,64,104.3,24.92,9.87,2.74,1.67
Z1058,45.64,15,142.1,0.84,26.65,33,74,103.7,25.24,9.54,2.47,1.83
Z1059,28.96,13,163.6,0.58,25.03,33.67,63,95.7,23.22,10.12,2.38,1.67
Z1060,39.71,19,112.5,0.8,25.4,36.67,74,109.7,25.92,9.81,2.44,1.53
Z1061,39.93,20,151.1,0.52,27.13,42,74,111.3,26.94,10.18,2.51,1.87
Z1062,47.68,14,173.5,0.77,27.22,49,80,119.3,28.28,8.83,2.87,2.13
Z1063,57.34,14,196.3,0.74,30.12,55.67,87,126.7,28.96,9.07,2.94,2.2
Z1064,58.79,16,207.8,0.68,27.07,43.67,75,111,27.46,9.79,2.51,2.03
Z1065,15.65,6,179.2,0.59,25.35,31,63,104.3,26.12,9.99,2.57,1.7
Z1066,68.83,12,217.6,0.95,29.13,46.33,84,124.3,27.42,10.06,2.52,2.23
Z1067,25.36,10,193.9,0.65,21.6,36.67,69,101.3,25.54,9.94,2.24,1.83
Z1068,111.35,19,260.7,0.78,31.32,58.33,84,124.7,30.72,9.93,2.83,2.43
Z1069,47.73,14,201.6,0.65,35.18,46,79,130.3,32.52,10.73,2.85,2.1
Z1070,62.33,12,239.8,0.81,29.68,42,84,126.7,29.2,9.81,2.59,2.2
Z1071,36.47,14,153.9,0.69,26.52,42,74,112.3,25.4,9.6,2.51,2.1
Z1072,35.43,12,159.7,0.76,28.32,49.67,89,121,24.9,8.51,2.97,1.93
Z1073,86.42,20,209.7,0.85,26.03,41,89,122,27.24,8.51,2.82,2
Z1074,56.31,11,206.5,0.94,27.75,50.33,79,112.7,29.5,9.97,2.63,2
Z1075,45.94,17,165.1,0.7,25.48,28,65,104.7,25.02,9.8,2.44,1.8
Z1076,38.98,16,118,0.82,26.17,32,63,95.7,23.26,9.64,2.47,1.7
Z1077,31.65,10,184,0.76,23.35,36,57,91,25.6,9.26,2.43,2.05
Z1078,58.99,13,216.3,0.78,27.93,46.67,73,104.3,25.3,9.64,2.55,1.97
Z1079,67.01,15,248.7,0.74,27.32,50.67,86,130.3,29,8.96,2.83,2.27
Z1080,53.32,17,142.8,0.76,32.7,54.33,84,125,24.6,10.27,2.85,1.87
Z1081,81.84,20,174.4,0.78,33.08,41.33,89,123,26.42,9.84,2.77,1.97
Z1082,38.72,11,171.1,0.81,29.17,38,85,124,25.06,9.66,2.77,2.3
Z1083,37.07,13,153.2,0.65,30.82,41,86,107,24.24,9.78,2.68,2
Z1084,57,14,173.8,0.87,29.58,50,84,124.7,27.06,10.03,2.59,2.13
Z1085,31.46,13,155.2,0.61,26.58,30.33,67,98.3,21.2,9.58,2.58,1.9
Z1086,37.88,13,159.4,0.75,25.27,36.67,73,108,23.92,8.9,2.74,1.77
Z1087,49.52,11,228.9,0.72,30.2,44,84,118,29.54,9.94,2.71,1.87
Z1088,57.1,14,173.4,0.87,29.4,35,81,107.7,24.96,9.25,2.84,2
Z1089,41.18,13,170.7,0.77,27,33.33,75,107.7,19.76,8.28,3.06,2.47
Z1090,35.97,11,148.4,0.82,27.78,34,69,96.7,25.3,7.75,3.17,1.6
Z1091,45.21,11,199.9,0.85,25.37,26,71,116,22.9,8.07,2.93,2.3
Z1092,41.26,14,165.8,0.69,27.15,29.33,72,99,19.58,8.39,3.03,2.2
Z1093,47.74,14,190.1,0.67,27.85,31.67,72,103.7,21.8,7.97,3.1,1.73
Z1094,53.13,11,180.6,0.88,32.4,29,92,119,25.26,9.82,2.64,2.13
Z1095,60.12,13,230.8,0.84,27.48,40,91,127.3,24.58,9.38,2.47,1.73
Z1096,49.29,13,239.5,0.84,20.25,35.67,74,116.7,26.36,8.25,2.36,2.07
Z1097,44.38,14,163.9,0.86,24.62,37.33,129,88.3,20.6,7.86,3.09,2
Z1098,60.77,18,177.6,0.78,26.57,41.67,78,113.3,24.42,8.75,2.77,1.7
Z1099,59.88,14,194.4,0.9,25.97,46,80,115.7,23.2,8.49,2.76,2
Z1100,29.56,17,125.4,0.6,23.58,34,114,107.7,22.48,8.44,2.67,1.77
Z1101,29.29,13,161,0.76,19.88,37.67,129,96,20.78,8.02,2.64,1.77
Z1102,37.54,13,191.5,0.69,24.82,42.33,79,116,24.88,9.62,2.52,1.9
Z1103,47.11,13,224.7,0.77,23.55,40,80,117.3,26.52,8.49,2.65,1.83
Z1104,40.56,12,195.8,0.8,23.68,30.33,75,108.3,22.54,8.69,2.53,1.73
Z1105,36.39,11,164.3,0.82,26.95,39.67,79,113,23.86,9.62,2.51,1.93
Z1106,59.47,16,212.8,0.76,25.95,39,80,109.7,25.16,9.57,2.53,1.97
Z1107,39.89,13,153.3,0.77,27,34.33,116,107.3,21.46,9.23,2.67,1.9
Z1108,48.63,13,196.6,0.76,27.32,40.33,86,115.3,23.18,9.62,2.55,1.9
Z1109,40.9,12,183.6,0.78,26.5,39,79,114.3,24.58,9.76,2.56,1.77
Z1110,50.33,15,195.1,0.8,23.1,30.33,127,96.7,23.48,8.46,2.72,2
Z1111,48.53,9,241.6,0.81,31.43,40,79,125,25.24,8.48,3.3,2.13
Z1112,41.24,13,180.6,0.83,23.2,34.33,125,94.7,23.62,8.15,2.76,1.83
Z1113,47.22,16,187.2,0.78,22.42,32.67,77,115,25.18,8.25,2.52,1.73
Z1114,51.7,13,244.7,0.79,23.02,41,79,116.3,23.64,8.78,2.57,1.87
Z1115,22.94,9,175.4,0.67,23.87,26,126,87.7,21.76,8.25,2.82,1.9
Z1116,35.01,12,173.9,0.75,26.62,45.67,84,110.3,26.22,9.76,2.46,1.93
Z1117,54.31,15,173.3,0.78,28.18,36.67,120,101.7,25.78,9.78,2.67,1.6
Z1118,37.42,14,154.6,0.77,25.2,37,77,116.7,23.6,8.87,2.7,1.73
Z1119,28.49,13,193.1,0.56,21.95,42.33,78,112.3,24.64,8.86,2.38,1.8
Z1120,38.96,15,121.5,0.88,25.97,45.67,87,123.7,22.4,8.76,2.7,1.83
Z1121,38.84,10,230.1,0.71,27,44.33,84,114.3,26.78,9.73,2.55,2
Z1122,40.43,13,185.2,0.74,24.83,46.33,81,105.3,25.4,9.87,2.4,1.8
Z1123,54.58,13,193.1,0.72,33.05,39,84,116,26.8,10.25,2.76,2.23
Z1124,50.82,14,200,0.67,30.32,40.67,80,117,27.3,9.97,2.69,2.4
Z1126,17.86,12,163,0.49,20.75,41,132,90.3,22.7,8.85,2.74,1.9
Z1127,11.11,15,122.3,0.25,25,30,130,97.7,21.6,9.7,2.58,1.87
Z1128,50.65,14,165.7,0.86,29,47.67,79,113.7,25.98,9.63,2.73,2.1
Z1129,50.16,15,196.9,0.67,27.55,38,77,111,24.44,9.72,2.65,1.87
Z1131,58.74,15,204.9,0.87,26.23,44,100,117,22.02,7.91,3.07,2.07
Z1132,47.39,16,152.6,0.72,29.47,42.67,84,103,25.4,9.84,2.61,1.73
Z1133,53.81,13,241.9,0.66,29.32,47.67,84,123.7,27.48,9.23,2.78,1.93
Z1135,37.92,11,133.5,0.84,32.67,35,98,110,22.22,7.55,3.49,1.9
Z1136,69.95,13,210.8,0.93,28.57,45.33,94,133.7,23.56,8.35,3.05,1.97
Z1137,59.24,14,175.8,0.85,32.33,38.33,81,117,25.9,9.64,2.91,1.93
Z1138,56.93,14,182.5,0.85,28.13,37.67,80,125.3,25.14,8.34,3.07,1.97
Z1139,40.96,10,193.5,0.85,26.78,44.67,79,128.3,28.34,9.14,2.68,1.9
Z1140,39.47,15,159.3,0.7,27.33,42.33,79,111.7,23.66,9.12,2.81,1.83
Z1141,38.95,14,118.8,0.84,31.8,40.33,84,119,23.66,9.86,2.82,2.1
Z1142,71.25,17,175.8,0.79,31.9,39.67,87,118.7,26.46,9.26,2.85,2.1
Z1143,52.65,17,155.5,0.84,25.07,24.33,62,99,22.84,8.66,2.68,1.63
Z1144,44.11,10,173.7,0.78,37.37,48,80,129.7,30.82,11.13,2.87,1.97
Z1145,77.18,16,203.9,0.84,30.83,46.67,84,117,29.76,9.4,2.94,1.9
Z1147,60.16,14,216,0.81,26.38,39.33,93,123.3,27.34,9.69,2.56,8.83
Z1148,51.65,19,131.2,0.87,25.63,40,93,119.3,23.82,9.73,2.4,2.13
Z1149,50.21,17,137.7,0.8,30.18,45.33,79,113.3,27.98,10.1,2.59,1.8
Z1150,39.95,12,151,0.88,26.98,41.67,98,133,27.26,9.4,2.57,2.03
Z1151,49.53,15,215.4,0.66,24.95,41.67,90,123.7,26.04,9.26,2.43,2
Z1152,76.88,28,134,0.72,29.67,27,66,99,23.36,9.56,2.71,1.5
Z1154,43.87,15,153.7,0.67,30.68,44,77,121,26.08,8.35,3.24,1.9
Z1155,34.01,13,128.6,0.81,26.58,45.33,74,111,26.28,9.47,2.59,1.83
Z1156,35.01,13,161.4,0.78,23.13,29.33,130,96.7,23.22,8.55,2.74,1.97
Z1157,35.43,16,146.2,0.73,22.67,35,114,107.3,23.6,9.23,2.39,1.67
Z1159,35.63,14,173.2,0.58,26.67,29.33,69,109.7,25.98,9.85,2.39,1.63
Z1160,39.56,17,134.5,0.8,23.1,42.67,121,100,22.88,8.34,2.66,1.87
Z1161,68.6,19,166.3,0.86,27.28,40,79,123.7,28.02,9.64,2.5,1.93
Z1162,49.79,15,149.7,0.88,26.52,41.33,81,127,25.32,8.88,2.67,1.9
Z1163,45.78,13,153.8,0.93,24.93,36.33,74,124.7,27.34,8.59,2.65,1.77
Z1164,39.84,10,179.1,0.85,27.98,37.33,78,125.3,25.2,8.88,2.92,2.03
Z1165,37.83,15,142.1,0.7,27.8,34.33,74,127,26.84,10.05,2.51,1.6
Z1166,58.27,15,200.2,0.79,26.72,48,80,130.3,28.56,9.93,2.45,1.9
Z1167,43.7,13,151.8,0.84,27.95,36.33,78,125.3,25.06,8.94,2.84,2
Z1168,40.29,13,180.4,0.79,23.02,44,128,96,25.58,8.34,2.67,2.03
Z1169,58.77,16,200.6,0.83,27.53,46.67,86,125.3,28.54,9.64,2.53,2.33
Z1170,38.23,17,152.2,0.6,27.05,31,69,104,23.04,9.7,2.55,1.63
Z1171,37.73,16,124.8,0.7,29.3,32,67,113,24.06,9.95,2.77,1.7
Z1172,43.37,18,151,0.69,24.87,38,79,125.7,26.86,9.5,2.47,1.63
Z1173,44.27,13,185.8,0.73,26.22,38,79,121.3,26.54,8.65,2.73,1.93
Z1174,60.65,18,191.6,0.78,23.55,40,79,119.3,28.3,9.23,2.4,1.77
Z1175,42.75,14,179.9,0.89,19.95,40,80,116.7,25.22,8.29,2.36,1.53
Z1176,44.39,15,149.9,0.77,27.95,40,80,126,26.06,8.83,2.92,2.07
Z1177,45.95,14,164.9,0.83,26.02,45.67,80,127.3,30.06,9.88,2.48,1.77
Z1178,51.9,12,250.3,0.81,22.63,48.33,81,122.3,29.2,9.34,2.43,2.23
Z1179,13.63,11,159.5,0.32,25.43,34.33,73,104.3,23.78,8.71,2.69,1.7
Z1180,31.73,15,160.1,0.74,20.13,33.67,128,95.7,24.76,9,2.34,1.7
Z1181,43.05,14,188,0.72,25.58,41.33,84,123.7,28.64,9.6,2.48,1.87
Z1182,38.31,16,169.5,0.62,25.73,40.33,75,121.3,25.42,9.31,2.49,1.83
Z1183,58.55,14,180.9,0.86,28.92,40.67,79,124.7,26.66,8.96,2.86,2
Z1184,19.53,13,182.4,0.41,21.1,31.67,129,91.3,22.38,8.72,2.37,1.93
Z1185,24.56,12,176.3,0.66,19.67,31.33,128,105,24.6,8.66,2.38,1.9
Z1186,39.33,15,184.5,0.79,19.35,41.67,76,109,25.5,8.51,2.27,1.83
Z1187,33.84,13,160.7,0.71,23.92,32.67,74,109.3,23.44,8.43,2.68,1.77
Z1188,45.35,13,186.3,0.75,26.38,44.67,83,123.7,28.16,9.51,2.63,2.37
Z1189,66.41,22,163,0.77,25,40.33,76,118.7,26.9,9.48,2.42,1.8
Z1190,36.28,14,172,0.77,19.92,32.33,67,107,25.48,8.51,2.43,1.7
Z1191,46.99,14,199.3,0.74,25.83,50.67,80,123,29.46,9.26,2.53,2.27
Z1192,61.67,15,185.9,0.85,27.58,32.33,112,125,26.08,9.08,2.69,1.63
Z1193,57.22,17,168.1,0.86,25.48,39,115,105,23.38,8.56,2.84,1.75
Z1194,78.96,15,197.4,0.91,30.43,43.33,79,119.7,25.64,8.83,3.09,2
Z1195,39.66,14,214.6,0.6,24.27,35.33,126,94,22.68,8.48,2.86,2
Z1196,41.62,14,143.8,0.82,25.8,41,75,116.7,25.28,8.69,2.7,2
Z1197,41.1,12,149.8,0.88,26.95,30,121,100.7,22.48,8.8,2.87,1.85
Z1198,26.19,10,190.3,0.61,23.58,28.67,128,90.7,22.4,8.15,2.96,1.87
Z1199,37.02,11,181.7,0.87,22.88,31,118,106.7,23.16,8.64,2.59,1.83
Z1200,41.74,16,138.3,0.76,25.92,28.33,67,108.3,23.56,8.84,2.73,1.67
Z1201,28.77,10,182.1,0.64,26.33,42.33,74,122,28.38,9.95,2.42,1.67
Z1202,34.77,9,192.7,0.76,28.33,32.33,71,115,28.04,9.84,2.65,1.8
Z1203,62.2,13,238.9,0.78,28.45,43.67,86,128.7,27.08,9.79,2.6,2.17
Z1204,66.65,14,220.9,0.89,25.67,54.67,79,133.3,29.24,9.61,2.48,1.77
Z1205,34.9,13,168.8,0.77,22.4,39,63,104.7,26.3,9.01,2.54,1.75
Z1206,58.17,17,164.9,0.83,26.93,34,122,102.3,24.78,9.02,2.86,1.97
Z1207,31.14,19,144.7,0.73,18.98,31.67,123,86,21.06,7.65,2.88,1.87
Z1208,25.26,10,224.5,0.65,20.63,40.67,123,95.7,23.5,8.11,2.73,1.93
Z1209,49.55,13,186.2,0.77,29.78,53.33,84,109.3,28.24,9.8,2.63,2.03
Z1210,54.22,13,188.7,0.79,29.62,55.67,86,125.7,28.42,8.95,2.97,2.2
Z1211,44.55,15,157.7,0.6,34.23,44.33,78,129.3,27.18,10.27,2.9,2.4
Z1212,46.09,15,221.1,0.69,21.18,38.33,76,119.7,23.3,8.25,2.48,1.8
Z1213,50.68,19,156.6,0.72,24.53,34.67,74,109,24.8,8.66,2.71,1.77
Z1214,38.67,16,158.1,0.69,22.88,35.67,74,110.3,24.06,8.4,2.63,1.77
Z1215,34.39,15,166.3,0.66,21.97,31,71,105.7,24.22,8.61,2.52,1.6
Z1216,45.89,17,157.8,0.83,21.65,36.33,75,107,25.32,8.5,2.4,1.73
Z1217,38,15,139.7,0.69,27.68,38.67,75,120,26.8,9.82,2.57,1.87
Z1218,38.73,11,206.7,0.73,25.75,37.67,76,114,26.28,9.55,2.5,1.8
Z1219,55.46,13,202.5,0.76,30.17,55,85,121.3,30.66,10.02,2.64,2
Z1220,66.68,14,201.1,0.84,29.92,53.33,79,119,30.6,9.65,2.64,2.03
Z1221,51.7,14,183.1,0.79,27.4,34.33,72,102.3,27.1,9.38,2.6,1.93
Z1222,26.26,10,152.9,0.67,26.72,42.67,72,106,25.24,9.58,2.43,1.9
Z1223,52.94,11,188.5,0.88,30.92,40.67,88,132.7,28.18,9.92,2.67,2.03
Z1224,49.52,13,174.4,0.83,28.88,39,78,124.7,24.66,9.59,2.61,1.77
Z1225,39.6,13,148.5,0.79,28.48,43,76,113.3,28.12,9.97,2.47,2
Z1226,33.84,13,137.1,0.82,24.82,28.67,72,109.3,23.66,9.41,2.46,1.97
Z1227,31.41,15,157.9,0.55,25.82,33.33,69,107.7,25.8,9.56,2.51,1.77
Z1228,38.85,13,146.2,0.72,32.27,43,84,118,27.44,8.9,3.12,1.93
Z1229,67.48,16,165.9,0.92,30.28,41,79,121,25.14,8.4,3.28,2.1
Z1230,42.66,12,184.6,0.76,27.1,44.67,78,122.7,25.98,8.39,2.87,2.07
Z1231,47.14,12,154.8,0.9,30.13,42.67,78,120,27.36,8.72,3.05,2.03
Z1232,34.55,11,130.3,0.88,28.97,40.33,80,117.7,24.76,8.44,2.88,2.03
Z1233,26.15,11,110.8,0.82,27.3,27,61,97.3,22.34,9.75,2.5,1.75
Z1234,41.13,16,142.9,0.73,27.08,33.33,119,95.7,24.92,9.7,2.61,1.67
Z1235,48.23,12,229.9,0.82,24.62,41.33,81,116,29.46,9.59,2.26,1.77
Z1236,42.72,17,193.8,0.68,23.27,34.5,68,100.3,26.14,9.85,2.43,1.45
Z1237,43.16,15,148.9,0.77,27.2,36.67,72,107.7,23.96,9.67,2.59,1.87
Z1238,48.08,14,186.6,0.72,27.58,41.33,81,121,26.4,9.75,2.54,1.93
Z1239,56.77,15,179.5,0.77,29.6,41.33,80,120.3,31.44,10.46,2.61,1.73
Z1240,57.84,15,167.7,0.77,32.1,46,85,132,31.66,10.75,2.69,1.97
Z1241,52.73,14,159.8,0.74,35.32,47,81,130.7,31.76,10.52,2.85,1.9
Z1242,30.46,16,126.3,0.63,24.98,25.33,65,97,24.1,10.07,2.44,1.4
Z1243,36.84,17,117.8,0.7,27.65,40,74,106.3,26.16,10.03,2.52,1.47
Z1244,42.58,17,143.8,0.67,26.7,35,70,95,26.6,10,2.52,1.53
Z1245,49.23,14,197.9,0.79,24.38,35.33,75,107.3,23.92,8.78,2.58,1.83
Z1246,41.37,12,206.1,0.73,25.87,43,80,113.7,26.3,9.58,2.39,1.97
Z1247,24.65,12,115.9,0.67,28,26.33,90,111.7,17.2,7.11,3.29,1.87
Z1248,50.91,17,187.2,0.73,23.57,37.33,81,116,23.7,8.6,2.52,1.8
Z1249,43.66,15,166.4,0.78,23.3,30.33,115,106,23.64,8.5,2.68,1.73
Z1250,34.17,12,155.8,0.85,22.4,26,61,93.7,21.86,9.3,2.32,1.6
Z1251,51.23,11,186.7,0.96,33.17,46.33,81,118.7,26.78,9,3.09,2
Z1252,46.21,18,140.2,0.75,26.75,23,65,95.7,24.62,9.8,2.45,1.4
Z1253,51.89,14,171.1,0.8,28.65,33,69,116.7,23.62,9.58,2.62,2.03
Z1254,27.07,6,230.8,0.78,27.38,32.33,60,97.3,20.28,8.08,2.94,1.67
Z1255,55.67,13,187.2,0.84,30.27,39.67,87,123,26.08,9.78,2.55,1.93
Z1256,36.27,12,142.8,0.83,27.12,38.33,74,107,25.2,9.48,2.59,1.87
Z1257,50.08,10,217.5,0.83,30.3,39.67,85,113.7,26.52,9.63,2.8,2.13
Z1258,45.45,12,189.2,0.81,26.53,38.17,83,112,22.48,9.46,2.56,1.97
Z1259,30.33,8,142.1,0.9,30.7,21.7,91,114.7,18.88,7.42,3.37,1.7
Z1260,48.88,10,287.2,0.8,24.8,38.33,79,113.3,27.04,9.14,2.6,2.27
Z1261,61.49,12,210.6,0.82,33.02,54,81,121.7,25.14,9.39,2.89,2.07
Z1262,24.6,8,105.5,0.87,35.9,26.33,96,114,20.62,9.25,3.38,1.57
Z1263,21.01,8,208.3,0.54,25.85,44.33,78,102,24.68,7.78,3.1,1.93
Z1264,83.24,14,293.7,0.73,30.08,57,79,125.7,29.24,9.23,2.89,2.5
Z1265,45.45,9,205.8,0.88,29.85,29.67,89,119.7,21.08,7.89,3.18,1.9
Z1266,73.74,14,226.4,0.91,27.22,45,86,128,28.16,10.09,2.4,2.07
Z1267,56.91,16,162.3,0.92,25.03,45.67,80,109.3,25.1,9.02,2.47,2.4
Z1268,40.39,14,141.6,0.91,24.32,35.67,91,120.7,25.7,9.85,2.31,1.87
Z1270,61.64,15,234.3,0.82,22.33,44.33,79,118.7,24.52,8.8,2.52,1.97
Z1271,47.23,10,271.1,0.64,28.82,48.67,85,136.3,30.2,9.87,2.68,2.37
Z1272,33.71,13,169,0.57,28.57,39.33,80,119.3,25.22,10.33,2.59,2.2
Z1273,50.13,13,186.5,0.79,27.63,36.67,84,116.3,24.58,9.61,2.66,2.23
Z1274,35.15,15,172.3,0.66,27.02,35.67,77,115,25.1,9.91,2.61,1.73
Z1275,77.69,15,258.3,0.87,24.9,39.67,79,114.7,31.08,9.79,2.41,1.87
Z1276,50.68,11,204.1,0.86,28.63,44.33,79,129,28.76,8.77,3,2.3
Z1277,50.36,13,146.7,0.89,32.3,39.33,84,120.3,24.84,10.02,2.91,2.17
Z1278,46.81,13,204.9,0.75,26.23,38,79,112.3,24.82,9.62,2.5,2.13
Z1279,53.54,11,203.8,0.88,28.8,54.33,79,125.3,30.04,9.71,2.75,2.37
Z1280,45.24,10,236.8,0.81,24.33,37.67,128,101.3,24.34,8.12,2.93,1.93
Z1281,37.66,12,154.1,0.81,27.03,30.33,130,102.3,21.3,8.53,3.05,2.13
Z1282,54.16,15,170.7,0.9,25.47,35,112,111.7,21.98,9.48,2.5,2
Z1283,44,13,161.9,0.83,28.1,38.33,90,119.7,25.56,10.03,2.55,2.17
Z1284,45.04,11,159.5,0.86,31.67,32,107,121.7,25.3,9.96,2.78,2.17
Z1285,24.78,13,199.3,0.44,23.97,27.67,129,96,20.16,8.66,2.78,2.1
Z1286,30.46,11,186.1,0.71,23.43,27,128,97,22.24,8.26,2.74,1.9
Z1287,34.8,9,210.9,0.8,24.93,34.67,87,121.3,24.72,9.81,2.31,2.07
Z1288,72.37,21,156.1,0.87,27.33,41.33,85,121.3,25.64,9.54,2.49,1.8
Z1289,32.3,12,149.2,0.68,29.03,36,88,123.3,23.64,9.62,2.68,1.87
Z1290,32.11,9,155.7,0.81,30.48,36,121,106.7,21.8,9.73,2.76,2.2
Z1291,26.98,10,137.4,0.87,24.98,26.67,121,103,26.08,9.02,2.79,1.87
Z1292,39.51,14,144.8,0.81,25.23,24.33,64,99.3,22.74,8.47,2.66,1.7
Z1293,31.7,12,136,0.8,24.95,28.67,65,99.3,24.16,9.81,2.41,1.63
Z1294,25.46,9,125.1,0.92,25.77,28.67,60,99.3,22.88,9.81,2.46,1.7
Z1295,35.72,11,177.6,0.74,25.58,29,66,106.3,23.66,9.23,2.54,1.9
Z1296,39.42,10,174.3,0.87,26.52,22.33,63,101,22.98,9.25,2.53,2.1
Z1297,41.58,14,139.3,0.85,26,23,66,106.3,21.94,8.35,2.78,1.7
Z1298,35.78,9,182.7,0.92,24,29.67,64,106.3,25.68,8.93,2.38,2.07
Z1299,49.82,20,131.1,0.79,24.63,28.33,60,93.3,23.2,8.4,2.66,1.7
Z1300,39.22,13,159.8,0.84,23.02,25,62,89,22.36,8.76,2.55,1.67
Z1301,32.36,16,139.2,0.63,24.88,24.33,61,90.7,22.1,8.52,2.75,1.8
Z1302,37.99,7,310.4,0.76,24.35,36.67,85,109.7,24.58,8.22,2.82,2.53
Z1303,31.02,14,135.1,0.81,22.03,28.5,59,93.3,21.46,9.14,2.4,1.5
Z1304,31.5,8,184.5,0.81,28.65,30,97,110.7,17.18,8.05,3.23,2.37
Z1305,36.85,11,157.5,0.89,24.35,28.33,61,95.3,24.94,9.63,2.35,1.77
Z1306,20.38,9,148.6,0.6,25.73,30.33,64,87.7,23.02,9.31,2.5,1.83
Z1307,33.23,10,158.4,0.85,26.67,30.67,66,104.7,22.46,9.55,2.71,1.97
Z1308,44.28,16,134.1,0.79,27,28,63,97.3,23.98,9.11,2.6,1.77
Z1309,27.24,8,209,0.71,26.05,32.67,92,101,21.4,7.49,3.15,2
Z1310,35.67,16,115,0.82,26.25,27,65,92.3,19.8,9.65,2.56,1.57
Z1311,42.22,13,146.2,0.88,26.6,25,64,93,22.74,9.09,2.69,1.8
Z1312,33.62,15,167,0.63,23.2,26,70,112,24.7,9.59,2.34,1.9
Z1313,31.95,16,109.8,0.69,28.28,29,66,109.3,23.34,10.14,2.55,1.6
Z1314,28.41,12,115.4,0.8,26.4,29.33,64,103.7,23.52,9.75,2.52,1.6
Z1315,32.29,12,159.8,0.74,23.95,28.33,64,90.3,22.06,8.93,2.63,1.73
Z1316,43.53,12,150.4,0.78,32.88,43.67,77,128,28.94,9.86,2.91,2.03
Z1317,46.61,12,212.8,0.68,27.68,49,88,123,29.56,9.29,2.77,2.2
Z1318,29.28,11,168,0.56,31.33,49,86,120,28.6,9.52,2.93,2.03
Z1319,56.01,13,147.5,0.87,36.15,50.33,89,121,25.38,10.4,2.88,1.8
Z1320,48.54,18,120.7,0.73,34.03,44.67,88,125.7,25.56,10.43,2.84,2.03
Z1321,32.48,9,179.9,0.72,30.58,36.67,85,130.3,28.98,9.34,2.71,2.1
Z1322,56.37,14,198.9,0.69,31.13,47,89,117.7,27.62,9.4,2.81,2.13
Z1323,40.75,10,187.1,0.75,31.98,39.67,85,128,30.36,10.5,2.7,2.1
Z1324,44.62,12,189.5,0.75,28.73,41.67,84,128.3,28.56,11.61,2.37,2.1
Z1325,61.18,15,167.5,0.76,33.8,42.67,88,126.3,28.34,9.93,2.96,2.2
Z1326,42.02,10,218.9,0.72,28.18,46,89,102,25.42,9.07,2.86,2.13
Z1327,49.1,13,145,0.81,34.72,50.33,88,118.7,27.62,10.66,2.81,1.77
Z1328,48.75,11,180.2,0.86,32.05,42,85,126.3,30.42,10.29,2.81,2.3
Z1329,39.38,10,166.3,0.85,30.63,45.67,88,120.3,23.62,9.92,2.71,2.13
Z1330,35.59,10,133.9,0.8,34.63,51.33,87,120.3,25.74,9.76,2.99,2
Z1331,44.81,12,187.8,0.71,30.57,50,82,129,28.06,9.82,2.72,2.1
Z1332,47.78,13,201.6,0.68,28.13,46,84,119,28.14,8.68,2.97,9.8
Z1333,37.51,11,164.4,0.68,32.93,41,87,124.3,29.8,9.97,2.82,1.93
Z1334,39.99,13,147,0.74,29.85,48.33,86,114,28.7,9.92,2.63,1.93
Z1335,48.96,12,238.9,0.65,27.87,45,85,117.7,27.8,9.59,2.79,2.13
Z1336,61.04,19,164.6,0.74,28.18,52,84,116.7,28.86,9.85,2.64,2.1
Z1337,60.66,17,160.9,0.67,36.58,38.33,80,124.3,30.88,10.72,2.96,2.03
Z1338,49.72,12,201.8,0.72,29.68,48,85,127.7,28.32,10.51,2.57,1.8
Z1339,55.68,18,175.4,0.76,25.42,33.33,87,124.3,27.56,9.64,2.47,1.83
Z1340,37.7,10,194.3,0.78,26.67,33.67,86,127,28.32,9.99,2.44,2
Z1341,50.55,13,182.5,0.73,30.9,43.67,82,115.7,29.42,10.16,2.55,1.9
Z1343,43.52,9,182.1,0.86,32.55,42,90,120,26.8,10.35,2.64,2.27
Z1344,47.03,12,186.6,0.79,27.72,48.33,90,129.7,29.26,9.86,2.53,2.33
Z1345,34.12,10,157.3,0.87,27.42,44.33,85,124,29.04,10.28,2.6,1.77
Z1346,35.22,10,188.5,0.63,32.87,56,87,125.7,29.86,10.27,2.75,1.87
Z1347,42.82,13,163.8,0.67,32.18,37,87,122,26.92,9.49,2.78,2.07
Z1348,35.24,11,197.8,0.61,27.83,35.33,85,125.3,28.66,10.11,2.6,2.27
Z1349,49.62,12,187.8,0.75,31.53,38,89,129.7,29,9.8,2.82,1.83
Z1350,45.59,12,160.8,0.89,28.37,39.67,84,109,23.66,9.82,2.6,1.9
Z1351,51.25,12,254.4,0.77,23.08,40.67,86,114.7,23.06,8.35,2.65,2.97
Z1352,36.12,13,142.6,0.63,34.25,39.33,81,121.3,29.72,10.46,2.66,2.07
Z1353,50.09,15,174.8,0.73,29.2,43.33,85,130.7,29.34,10.45,2.53,2.17
Z1354,39.11,13,153.6,0.72,29.03,48.67,85,125.7,27.96,10.27,2.58,1.87
Z1355,39.8,14,144.6,0.64,32.57,45,88,122.7,29.64,10.18,2.81,1.97
Z1356,44.6,10,168.6,0.91,31.13,40.33,90,122.7,25.24,9.53,2.84,2.23
Z1357,42.87,9,181.1,0.84,34.17,42.67,87,117.7,30.1,10.43,2.79,2.07
Z1358,45.32,15,161.4,0.68,29.2,47.33,84,129,29.36,9.81,2.6,1.83
Z1359,38.49,12,178.9,0.67,29.4,37.33,85,122,28.62,9.28,2.75,2.07
Z1360,47.1,12,173.8,0.77,30.92,42.33,86,119,29.28,10.57,2.55,1.83
Z1361,47.12,14,157.6,0.67,32.97,52.67,82,130,30.06,10.34,2.79,2.13
Z1362,35.44,13,139.9,0.66,30.93,54.33,79,115.7,26.5,9.93,2.76,1.9
Z1363,48.68,11,232.6,0.66,30.68,53.33,88,117.7,29.2,10.48,2.65,1.93
Z1364,52.29,18,135,0.69,33.4,53.33,87,117.7,28.24,10.03,2.82,1.97
Z1365,59.49,15,180.8,0.72,32.17,37,86,133.3,33.62,10.38,2.74,2.27
Z1366,45.84,13,206,0.63,29.82,50.33,89,120.7,26.2,10.15,2.6,1.83
Z1367,56.09,10,214.9,0.8,35.13,52.33,87,139.3,30.6,10.35,2.93,2.37
Z1368,41.63,11,165.9,0.72,34.23,47,87,117.3,27.9,10.16,2.85,2
Z1369,56.58,20,159.4,0.76,26.25,34.33,75,120,24.82,9.92,2.45,1.87
Z1370,34.85,12,169.8,0.77,24.5,40.67,77,110.3,22.5,8.52,2.66,1.83
Z1371,45.78,14,185.4,0.63,30.2,42,83,130,31.8,10.12,2.71,2.2
Z1372,44.13,10,183.5,0.89,29.08,43.67,84,126.3,28.68,10.12,2.54,1.83
Z1373,40.45,10,171.1,0.84,30.95,42.33,93,115.3,24.48,10.34,2.61,2.33
Z1374,42.25,14,167.1,0.67,29.72,41.67,90,115.3,22.12,10.22,2.63,2.13
Z1375,31.27,8,230.5,0.73,25.4,40.83,87,123.7,28.58,9.53,2.5,2.03
Z1376,60.67,15,201.5,0.79,27.92,39.67,92,122.7,27.14,9.9,2.6,2.03
Z1377,39,11,174.5,0.82,26.72,34.67,91,126.7,26.38,9.77,2.48,1.87
Z1378,53.99,15,158.5,0.87,27.88,34,92,126.3,25,9.71,2.55,1.83
Z1379,47.42,18,120.6,0.94,23.72,41.67,88,115.3,24.36,9.28,2.42,1.8
Z1380,60,14,216.5,0.85,24.18,40,91,119,28.84,9.04,2.51,2.07
Z1381,43.26,11,205.3,0.72,29.4,46,79,128.3,26.6,9.79,2.65,2.27
Z1382,49.37,14,183.1,0.81,24.8,37,85,110.3,24.96,9.55,2.38,2
Z1383,57.65,13,236.5,0.73,27.78,35.67,86,118.3,24.24,9.59,2.61,2
Z1384,59.37,10,223.6,0.92,31.55,40.33,90,129.3,28.7,10.16,2.66,2.03
Z1385,42.77,9,281.9,0.69,25.78,36,81,127.3,27.36,8.65,2.74,2
Z1386,42.5,13,180.7,0.7,26.85,35.67,88,122,27.2,9.49,2.52,1.97
Z1387,59.86,12,182,0.85,35.05,42.67,91,131,27.14,10.16,2.86,2
Z1388,74.89,17,164.7,0.89,32.62,41.33,86,126,28.1,10.46,2.63,1.83
Z1389,47.58,16,108.2,0.82,36.53,43,87,130,24.74,10.19,2.95,1.9
Z1390,49.61,16,157.7,0.8,25.4,39.67,86,118.7,28.7,9.87,2.38,1.97
Z1391,53.84,16,144.6,0.88,28.35,37.33,85,128,24.8,9.82,2.52,1.8
Z1392,45.88,11,195.7,0.83,27.35,41,87,129.3,28.08,9.97,2.46,2.03
Z1393,50.68,16,117.9,0.89,32.55,36,88,122,26.92,9.31,2.54,2.2
Z1394,41.21,11,165.5,0.83,28.35,39.67,86,116,26.52,9.87,2.48,2.13
Z1395,37.28,13,196.9,0.58,27.13,36.67,84,122.7,29.58,9.52,2.49,2.07
Z1396,55.9,15,223.1,0.6,30.07,39.33,88,128,28.96,9.87,2.64,2.13
Z1397,41.66,8,236.4,0.76,31.42,38.67,88,124.3,28.74,9.8,2.71,2.13
Z1398,51.24,12,205.7,0.85,26.85,37.33,79,138.3,28.46,9.52,2.54,2.1
Z1399,39.09,8,229.5,0.81,28.25,34.67,88,118.7,23.78,9.54,2.59,2.13
Z1400,33.73,9,231,0.63,27.8,41.67,87,126.3,27.52,9.61,2.66,2.07
Z1401,52.67,12,227.8,0.79,26.63,38.33,90,128,26.14,9.66,2.49,2.2
Z1402,76.1,13,236.6,0.92,27.8,43.33,89,119,27.24,9.35,2.76,2.03
Z1403,55.34,13,202.2,0.78,29.5,39,89,125,26.72,10.01,2.63,2.2
Z1405,53.86,17,209.2,0.77,22.2,43.67,84,112.7,25.52,9.32,2.42,1.8
Z1406,87.35,12,276.2,0.88,31.68,44,90,132.7,29.46,10.32,2.57,2.23
Z1407,55.76,14,185.6,0.74,32.5,36,87,125.7,27.02,10.3,2.73,1.83
Z1408,57.26,14,221.4,0.65,31.03,47,87,132.3,28.64,10.44,2.63,1.93
Z1409,46.98,12,172.4,0.71,34.8,37.67,90,120.7,24.8,9.45,3.14,2
Z1410,38.26,10,200.2,0.8,25.53,37.33,89,129.3,26.96,9.46,2.67,2
Z1411,59.4,11,218.5,0.85,31.02,39.33,79,124.3,23,9.8,2.79,1.97
Z1412,107.1,12,489.8,0.83,22.83,39,86,121.3,26.18,8.31,2.74,2.87
Z1413,59.79,14,187.6,0.89,27.8,36.67,84,122,25.06,9.54,2.57,1.8
Z1414,57.42,18,254.2,0.55,24.98,39,85,110,26.42,9.49,2.5,1.9
Z1415,57.33,15,201.4,0.72,28.15,40,84,126.7,28.98,10.08,2.67,1.83
Z1416,58.23,14,191.3,0.87,26.95,26.33,91,119,26.66,9.64,2.52,1.93
Z1417,46.37,12,163.3,0.82,31.75,47,87,123.7,26.9,10.06,2.65,1.83
Z1418,47.11,12,183.6,0.8,28.82,39.33,85,125.3,25.98,9.84,2.66,2.4
Z1419,62.48,19,181.1,0.73,26.37,45,88,116.7,28.14,9.82,2.4,1.83
Z1420,56.86,12,222.8,0.73,30.55,39.67,87,125.3,28.3,10.3,2.69,1.9
Z1421,48.83,12,176,0.8,30.85,31,87,125,26.3,9.76,2.75,1.83
Z1422,45.43,14,152.5,0.83,27.5,38.33,93,113,23.08,9.57,2.55,1.9
Z1423,63.08,14,253.9,0.71,26.6,35.67,81,118.7,29.98,9.54,2.59,1.93
Z1424,47.3,13,191.6,0.85,23.55,31,90,113,26.82,9.29,2.36,1.87
Z1425,58.24,12,242.9,0.83,25.3,35,88,111.7,27.48,9.65,2.48,1.83
Z1426,58.19,14,200,0.89,24.45,35.33,91,120,26.16,9.15,2.43,1.97
Z1427,59.53,13,204.2,0.79,30.27,36.67,85,128.7,26.1,9.95,2.61,2
Z1428,72.87,16,249.6,0.78,24.58,48,88,111.3,26.08,9.44,2.48,1.43
Z1429,54.85,12,194.9,0.83,30.58,32,88,124.3,25.26,10.26,2.56,1.9
Z1430,73.92,17,253.4,0.8,22.72,36.33,92,115,25.76,9.2,2.31,1.9
Z1431,51.25,13,157.1,0.9,29.37,40.67,85,116,29.48,9.95,2.59,1.8
Z1432,54.89,13,234.7,0.72,26.65,35.67,85,132,24.76,9.84,2.47,1.93
Z1433,48.1,11,256.5,0.6,30.47,42.33,86,136,30.32,10.11,2.67,2.03
Z1434,66.2,17,190.3,0.76,29.57,37.33,74,104,25.4,9.8,2.71,1.83
Z1435,58.67,14,181.9,0.85,29.57,38.33,88,122.7,30.24,10.14,2.64,1.9
Z1436,51.2,12,199.3,0.83,28.02,38.67,86,127.3,31.14,9.7,2.61,1.73
Z1437,42.57,11,208.2,0.83,23.8,29.67,85,116.3,26.3,8.75,2.53,1.7
Z1438,89.59,17,213.2,0.87,29.48,39.33,84,122.7,28.66,10.33,2.54,1.83
Z1439,49.87,11,196.6,0.91,26.77,30.67,87,126,29.78,9.52,2.56,1.87
Z1440,46.98,13,166.1,0.83,28.2,38.33,86,114.3,28.42,9.96,2.49,1.77
Z1441,65.73,14,211.9,0.81,28.52,47.33,86,114,27.32,8.96,2.81,2.07
Z1442,51.2,14,171.3,0.87,26.05,33,89,119.3,27.14,9.33,2.41,1.7
Z1443,50.04,14,187.6,0.73,28.45,31.33,81,120.7,24.08,9.61,2.56,2.03
Z1444,49.43,13,171.6,0.76,31.42,37.67,79,114.7,24.92,9.83,2.92,1.97
Z1445,43.13,9,196.3,0.89,29.53,35.67,90,123.3,30.74,10.21,2.57,1.77
Z1446,47.61,16,180.3,0.71,24.52,38.33,89,116.7,26.94,9.61,2.51,1.6
Z1447,43.83,13,173.9,0.77,26.62,37.67,91,118,27.74,9.79,2.52,1.77
Z1448,61.02,14,158.6,0.87,34.43,40,92,140.3,28,10.57,2.69,1.97
Z1449,48.73,11,202.2,0.82,29.48,39.67,87,118,24.02,9.7,2.65,2.27
Z1450,57.23,13,190.4,0.83,30.8,42.67,87,121,27.5,9.08,2.91,2.2
Z1451,55.68,12,224.1,0.84,26.78,39.33,87,129.3,29.48,9.8,2.47,2.07
Z1452,45.88,11,197.4,0.73,31.65,40.33,93,126.7,23.1,10.23,2.66,1.97
Z1453,72.33,13,248,0.74,33.2,39.33,88,123.7,27.54,9.44,2.98,2.2
Z1454,45.47,12,200.8,0.77,27.07,37.33,85,123.7,26.8,9.74,2.57,2
Z1455,52.02,12,206.9,0.73,30.85,33.67,85,132.3,28.78,9.71,2.69,1.83
Z1456,51.48,16,202.8,0.69,24.33,33.67,78,112,25.94,8.94,2.56,1.97
Z1457,61.46,11,246.5,0.82,30.35,42.33,85,124,28.76,10.08,2.64,1.97
Z1458,47.71,10,195.5,0.83,32.47,33.33,90,127.3,28.12,10.16,2.68,2.07
Z1459,35.24,10,194.4,0.79,24.87,33.33,71,106,25,9.61,2.62,1.63
Z1460,35.61,12,152,0.87,23.35,33,73,106.7,23.02,8.67,2.72,1.57
Z1461,40.56,13,165.4,0.81,26.38,35,72,111.7,28.04,9.65,2.41,1.63
Z1462,39.2,13,186.9,0.72,26.67,33,78,121,25.78,9.59,2.51,2.03
Z1463,36.49,11,169.4,0.78,28.77,40,74,111.3,23.6,10.34,2.63,1.57
Z1464,45.69,14,217.8,0.7,23.63,32.67,71,113.3,25.14,9.77,2.43,1.7
Z1465,31.2,9,220.7,0.71,24.93,34.67,76,105.3,24.38,9.6,2.48,1.7
Z1466,45.53,14,180.4,0.72,29.48,37.67,79,121,26.8,9.28,2.84,1.87
Z1467,39.26,13,197.3,0.75,24.18,37.67,79,110.7,23.42,8.83,2.53,2.17
Z1468,37.97,14,159.2,0.75,26.87,32,78,109.7,23.12,9.43,2.55,1.8
Z1469,33.76,11,140.2,0.85,28.45,39.33,77,116.7,26.58,9.96,2.5,1.93
Z1470,41.9,9,228.1,0.79,28.3,28.67,74,118.3,22.98,9.76,2.57,2.27
Z1471,44.44,16,198.9,0.66,28.5,36.33,77,115.7,25.58,9.07,2.87,1.8
Z1472,51.8,14,220.1,0.75,24.4,35.33,75,117.3,24.54,9.06,2.43,1.83
Z1473,41.46,14,158.6,0.71,31.23,39,79,120.3,24.64,10.24,2.67,1.9
Z1474,44.98,11,206.4,0.83,26.93,39,78,117,25.16,9.75,2.48,1.73
Z1475,27.9,12,192.4,0.61,22.98,33.33,70,102,25.78,9.62,2.39,1.8
Z1476,37.92,11,199.6,0.73,26.6,36.67,78,122.3,24.86,9.64,2.51,1.97
Z1477,45.39,12,169.3,0.78,32.48,39,78,116.7,25.62,10.49,2.81,1.77
Z1478,50.34,15,183.5,0.74,27.03,37,75,113,22.5,9.51,2.56,1.9
Z1479,34.4,12,152.7,0.83,24.92,32,74,103.7,24.46,9.64,2.32,1.43
Z1480,44.27,14,172.4,0.81,24.42,34,74,108.7,25.48,9.34,2.45,1.57
Z1481,47.81,17,145,0.79,26,33,73,103,25.68,9.78,2.44,1.47
Z1482,49.32,16,174.3,0.84,22.75,37.33,72,115.7,22.86,9.43,2.35,1.6
Z1483,39,16,170.7,0.69,22.03,35.67,75,106.7,25.46,9.4,2.35,1.47
Z1484,50.15,14,180.4,0.88,23.5,33.33,76,113,24,8.98,2.56,1.77
Z1485,46.87,14,228.6,0.71,22,36.67,84,114.3,25.3,8.39,2.59,1.93
Z1486,65.99,9,341.4,0.87,25.7,50.33,96,113.3,23.94,8.15,2.88,2.1
Z1487,44.39,11,221.3,0.83,25.33,36.33,84,110.3,26.94,10.02,2.58,1.8
Z1488,42.24,11,207.6,0.83,23.97,36.33,80,114.3,25.84,8.76,2.6,1.7
Z1489,38.21,15,144.8,0.65,29.07,39,85,121.7,26.82,10.09,2.55,1.9
Z1490,57.12,12,257.3,0.84,24.27,35.33,78,117,25.22,9.67,2.38,2
Z1491,32.15,9,189,0.73,27.92,41.67,74,114,25.02,10,2.5,1.9
Z1492,53.37,15,205.7,0.75,25.58,42,79,117.7,26.3,9.63,2.48,1.9
Z1493,47.84,12,183.4,0.8,29.3,40,75,114,26.8,10.26,2.62,1.8
Z1494,47.81,13,189.7,0.84,25.47,42.33,80,114.3,24.8,9.36,2.58,1.83
Z1495,57.41,13,203.5,0.85,26.98,36,78,114,25.74,9.64,2.51,1.77
Z1496,62.13,16,184.9,0.79,28.72,36,84,115.3,25.14,10.03,2.56,1.77
Z1497,50.45,11,216.6,0.83,29.33,38.33,84,121.7,30.1,10.42,2.59,1.83
Z1498,47.12,10,211.6,0.85,28.28,39.67,81,121.3,30.52,9.59,2.65,1.83
Z1499,53.15,9,249,0.87,29.02,38,80,119.7,26.92,9.08,2.99,2.07
Z1500,39.01,11,174.9,0.75,30.23,40.67,78,115.3,24.16,9.79,2.71,2
Z1501,69.97,13,279,0.74,28.33,34.67,81,114.7,26.96,9.94,2.55,1.7
Z1502,45.35,12,172.2,0.77,31.12,40,81,114,28.46,11.5,2.54,1.77
Z1503,46.03,12,180.8,0.86,26.78,42,80,112.7,23.2,9.73,2.58,1.73
Z1504,38.24,12,179.4,0.77,24.62,36.33,85,123,29.42,9.53,2.48,1.77
