LINE,YPP,PN,GNPP,SSR,GWe,HD,PH,PL,GL,GWi
Z1,36.92,11,176.18,0.81,26.9,97,112,23.1,8.092,2.858
Z2,39.21,11,183.91,0.79,25.03,79,74.3,22.4,7.801,2.623
Z3,49.18,13,170.62,0.87,26.95,87,91,21.88,8.911,2.469
Z4,41.84,13,186.62,0.76,25.88,97,112,23.52,9.266,2.464
Z5,51.19,15,150.13,0.86,28.03,81,77.7,20.08,8.882,2.49
Z6,51.3,18,137.06,0.81,26.98,81,87.3,20.72,9.108,2.423
Z7,71.87,17,168.71,0.92,27.75,88,96,24.92,7.825,2.842
Z8,58,15,137.4,0.98,30.15,79,94,20.3,8.438,2.772
Z9,58.36,18,127.61,0.95,27.2,88,91.7,20.8,7.665,2.805
Z10,42.65,15,120.73,0.81,30.73,78,82,19.84,9.283,2.612
Z11,49.57,14,135.5,0.94,29.47,97,105.3,20.98,8.963,2.589
Z12,43,13,189.08,0.73,26.2,96,106.7,20.62,8.9,2.387
Z13,44.67,11,200.55,0.84,24.82,88,97.3,20.12,7.758,2.654
Z14,57.13,15,169.8,0.95,24.28,81,83,22.16,8.062,2.448
Z15,56.35,14,155.64,0.88,31.38,97,111,22.52,8.391,2.934
Z16,60.43,13,190.92,0.95,25.98,88,90,20.3,7.963,2.747
Z17,41.7,13,133.85,0.95,25.63,84,94.7,20.88,7.878,2.637
Z18,47.19,14,175.79,0.72,29,99,112,25.72,7.641,3.031
Z19,39.67,14,145,0.83,24.55,81,81.3,20.82,8.224,2.526
Z20,68.68,16,158.38,0.92,29.68,93,108,24.62,9.998,2.51
Z21,76.38,20,186.45,0.71,31.17,89,121,24.74,7.881,3.145
Z22,32.27,14,217,0.44,25.32,93,106,24.74,8.094,2.733
Z23,45.41,13,182.31,0.72,28.33,96,108.7,22.94,8.206,2.76
Z24,44.71,18,135.39,0.77,27.43,97,109,22.38,8.303,2.725
Z25,57.81,17,151.12,0.83,28.48,93,99.7,21.44,7.808,2.965
Z26,88.65,28,147.64,0.86,26.88,85,93.7,20.98,7.735,2.913
Z27,48.4,17,124.59,0.85,27.33,89,94.3,21.63,7.832,2.802
Z28,61.4,21,131.19,0.92,25.27,92,92.7,20.02,8.163,2.664
Z29,54.4,18,154.33,0.87,23.23,97,114.7,20.46,8.103,2.56
Z30,58.93,15,158.07,0.94,26.67,90,96.7,22.98,7.967,2.762
Z31,28.96,14,184.14,0.48,24.6,97,100.7,23.12,8.173,2.709
Z32,29.49,11,143.18,0.94,21.93,94,98,17.42,8.135,2.254
Z33,51.73,23,131.48,0.76,26.82,95,98,20.26,8.891,2.486
Z34,94.53,31,138.23,0.89,27.03,91,94.3,20.06,8.06,2.703
Z35,57.52,14,174.57,0.94,26.37,90,94,21.12,8.18,2.657
Z36,64.33,15,213.93,0.89,24.42,94,99.3,20.9,8.341,2.278
Z37,44.15,13,204.38,0.82,23.02,95,101.3,19.88,8.351,2.252
Z38,39.56,14,185.86,0.78,21.1,95,100,19.08,8.119,2.19
Z39,67.59,18,269.11,0.7,22.03,95,107,24.1,7.813,2.349
Z40,104.64,37,178.05,0.72,23,81,83,22.88,8.947,2.088
Z41,35.96,18,146.33,0.61,24.73,98,107.3,19.04,8.549,2.381
Z42,65.36,24,166.63,0.87,20.27,81,83.3,23.38,7.683,2.324
Z43,65.85,17,191,0.81,27.83,99,123,27,8.229,2.765
Z44,46.87,19,150.58,0.74,24.12,97,104.7,23.2,8.175,2.445
Z45,43.73,13,140,0.85,30.02,95,96.3,22.06,9.272,2.562
Z46,45.09,13,144.08,0.85,29.48,90,85,21.24,9.406,2.546
Z47,54.14,12,227.17,0.87,24.17,92,93.3,19.56,8.112,2.422
Z48,56.07,15,234.07,0.73,23.42,94,93.7,18.86,7.556,2.601
Z49,38.99,13,207.77,0.81,19.17,94,97.7,20.98,7.535,2.263
Z50,48.82,13,202,0.78,25.63,95,100.3,21.56,8.894,2.484
Z51,22.88,9,126.89,0.9,24.6,81,80.7,20.84,8.863,2.261
Z52,54.03,15,148.73,0.92,26.97,89,87,23.06,8.064,2.753
Z53,41.3,12,144.42,0.9,27.1,86,85,22.22,9.425,2.445
Z54,46.67,15,128.07,0.93,27.1,91,95.7,19.7,9.194,2.409
Z55,43.35,14,141.07,0.83,26.67,89,87.7,21.04,8.032,2.728
Z56,34.66,14,119.86,0.82,27.15,95,97.7,22.92,9.104,2.471
Z57,119.64,36,180.47,0.7,28.02,91,96,20.28,8.687,2.593
Z58,71.67,25,156.28,0.66,28.67,97,103.3,23.14,9.278,2.595
Z59,43.75,15,148.8,0.88,23.17,90,89.7,22.98,8.631,2.398
Z60,38.9,13,117.38,0.96,27.58,90,87.3,19.02,8.721,2.495
Z61,45.3,16,144.06,0.65,30.47,89,91.3,22.16,9.052,2.552
Z62,49.49,14,149.14,0.92,27.1,90,92,20.5,8.586,2.481
Z63,46.37,17,131.94,0.75,28.67,93,84,21.72,8.969,2.509
Z64,60.86,17,144.35,0.91,28.5,89,87,18.3,8.981,2.569
Z65,46.21,15,128.2,0.96,26.27,91,95,19.68,8.275,2.673
Z66,52.32,17,119.29,0.92,29.25,89,84.7,21,9.221,2.583
Z67,39.59,11,127.36,0.91,33.03,93,99.7,22.26,9.72,2.641
Z68,50.79,19,126.26,0.93,23.67,81,79,19.34,7.95,2.558
Z69,66.9,20,154.3,0.9,25.4,85,87.3,21.24,7.789,2.711
Z70,42.96,16,116.94,0.81,28.62,83,80,20.9,8.917,2.525
Z71,39.5,12,125.08,0.91,30.08,76,85.3,18.24,9.305,2.61
Z72,73.84,23,171,0.85,23,80,83.3,22.72,7.267,2.734
Z73,48.21,14,149.07,0.91,26.62,82,92,23.76,8.06,2.694
Z74,40.36,13,136.38,0.96,24.47,88,86.3,23,7.631,2.578
Z75,32.77,14,181.14,0.58,22.6,85,87,19.42,7.571,2.501
Z76,42.96,15,170.67,0.76,23.4,94,94,21.9,7.978,2.475
Z77,38.82,12,146.33,0.91,25.73,91,99.3,21,7.977,2.713
Z78,41.83,11,155.55,0.81,31.9,96,106.3,23.1,8.118,3.143
Z79,43.02,11,168.64,0.96,24.87,88,92,17.64,7.875,2.645
Z80,37.8,8,200.25,0.91,27.57,90,90.7,19.26,8.906,2.512
Z81,43.42,13,183.85,0.8,23.97,92,95,21.58,8.341,2.346
Z82,33.14,9,161.78,0.9,25.75,90,87.7,22.14,8.034,2.594
Z83,36.67,10,179.5,0.86,25.67,97,102.3,21.74,8.084,2.639
Z84,36.01,12,185.25,0.7,25.13,81,84,21.92,8.761,2.257
Z85,42.56,12,168.92,0.88,25.6,97,93.7,21.12,8.747,2.413
Z86,29.41,12,171.08,0.58,25.37,92,91.3,19.14,7.83,2.61
Z87,24.91,10,129.9,0.81,25.45,93,103.7,21.36,9.058,2.282
Z88,35.74,12,151,0.8,25.47,89,86.7,18.52,9.021,2.462
Z89,38.05,8,172.63,0.96,29.62,90,87,18.12,8.905,2.67
Z90,42.24,10,169.4,0.9,29.35,85,89,24.02,8.809,2.763
Z91,36.81,9,216.78,0.78,25.97,98,103.3,25.58,8.82,2.488
Z92,34.83,13,158.15,0.79,22.63,94,98.3,22.28,8.063,2.235
Z93,36.89,10,180.6,0.91,23.82,94,95,22.7,8.489,2.339
Z94,45.34,20,131.4,0.84,21.65,82,82.7,22.72,8.713,2.181
Z95,31.25,18,142.5,0.48,26.28,90,86.3,20.32,8.562,2.463
Z96,40.33,11,142.64,0.92,28.58,88,92,21.74,9.007,2.599
Z97,48.4,12,208.92,0.85,23.75,93,90,20.92,8.38,2.378
Z98,56.85,12,175.08,0.96,29.3,88,94.3,20.06,8.883,2.659
Z99,39.66,12,122.75,0.95,29.77,88,92.7,17.48,9.448,2.546
Z100,43.63,15,146.27,0.9,22.48,83,94.3,21.46,8.373,2.445
Z101,27.63,10,180.7,0.61,25.38,98,99,20.8,7.982,2.649
Z102,38.83,15,152.93,0.72,24.33,88,94,23,9.039,2.337
Z103,39.88,13,108.46,0.93,31.92,90,102,20.9,9.054,2.767
Z104,29.98,9,148.56,0.91,25.72,82,89,22.42,8.302,2.587
Z105,36.01,13,120.08,0.94,26.17,82,91.7,20.4,8.104,2.621
Z106,35.74,12,122.67,0.96,25.77,83,92.3,22.9,8.202,2.612
Z107,41.66,15,122.27,0.93,25.6,78,82,19.94,8.019,2.653
Z108,40.08,11,170.91,0.9,25,88,83,22.08,8.276,2.554
Z109,50.66,12,148.75,0.95,31.7,99,112.3,25.88,8.54,3.032
Z110,30.56,9,133.67,0.86,29.77,88,102.3,20.16,9.512,2.512
Z111,43.33,13,159.46,0.96,22.15,90,94.7,19.8,7.986,2.452
Z112,42.37,10,199.5,0.9,24.48,88,87,20.24,7.949,2.614
Z113,36.61,13,145.46,0.76,26.97,80,85,18.78,7.757,2.849
Z114,73.22,15,223.4,0.89,25.85,88,93,23.14,8.609,2.5
Z115,30.84,13,108.85,0.82,26.97,80,78,22.08,9.317,2.405
Z116,28.01,11,108.64,0.97,24.42,90,92.3,19.74,7.794,2.636
Z117,43.78,12,161.92,0.93,24.77,82,86,22.68,8.015,2.597
Z118,47.18,18,117.06,0.94,24.47,90,89,21.58,8.552,2.322
Z119,46.81,10,194.4,0.84,30.57,96,107,24.46,8.141,2.85
Z120,24.55,13,106.69,0.87,21.33,94,92.3,22.2,8.441,2.343
Z121,49.6,20,138,0.87,21.42,91,89.7,20.82,7.997,2.368
Z122,42.37,12,170.92,0.91,23.33,84,81,21.88,7.521,2.708
Z123,54.85,13,155.54,0.85,34,101,110,25.06,9.068,3.067
Z124,46.4,16,166,0.71,25.47,83,81,22.3,8.847,2.422
Z125,46.24,14,149.5,0.79,29.4,98,106.7,22.3,7.791,3.099
Z126,45.67,14,141.36,0.89,27.48,98,103,21.78,8.45,2.762
Z127,37.56,9,150.22,0.85,34.33,101,111.3,24.88,8.943,2.989
Z128,68.29,15,227.33,0.83,24.98,89,97.3,23.72,8.058,2.594
Z129,55.91,16,169.06,0.89,25.08,97,103.3,20.3,7.947,2.629
Z130,38,14,146.71,0.87,23.28,97,100.3,21.18,8.015,2.536
Z131,54.83,21,149.24,0.82,22.52,77,78.7,21.44,7.666,2.491
Z132,54,15,180.53,0.84,24.33,97,100.7,20.78,8.035,2.577
Z133,50.08,12,161.92,0.95,28.03,97,112.3,24.4,8.276,2.929
Z134,56.6,15,161.73,0.84,29.4,92,101.7,21.72,8.301,2.917
Z135,34.35,14,104.86,0.83,28.75,86,91.7,21.16,8.439,2.769
Z136,43.82,13,131.23,0.84,32.03,98,115.7,23.92,8.614,2.952
Z137,62.27,17,152.29,0.81,31.75,97,119.7,25.36,8.441,2.965
Z138,40.88,10,154.4,0.86,33.55,101,125.3,26.28,8.773,3.138
Z139,53.47,17,155.65,0.74,29.93,97,110.7,22.48,8.534,2.788
Z140,75.24,19,176,0.83,30.03,100,120.3,26.28,8.567,2.814
Z141,45.78,21,94.62,0.86,29.4,85,84.3,23.54,8.385,2.822
Z142,58.67,17,131.35,0.89,31.58,99,116.3,24.76,8.632,2.879
Z143,30.97,12,101.42,0.91,30.47,94,102,22.46,9.308,2.643
Z144,37.51,11,134.18,0.8,34.28,100,121,26.06,8.873,3.041
Z145,46.33,13,134.08,0.91,30.33,98,115.3,23.8,8.542,2.856
Z146,47.34,18,140.94,0.8,25.98,80,85.7,22.98,9.126,2.399
Z147,49.75,13,165.85,0.88,27.72,96,114,24.9,8.207,2.767
Z148,47.21,13,153.77,0.91,27.55,96,111.7,25.24,8.268,2.831
Z149,57.68,17,155.47,0.78,30.47,99,110.7,25.18,9.392,2.677
Z150,45.15,17,173.06,0.6,26.58,88,86.3,20.54,7.846,2.71
Z151,35.35,15,140.8,0.66,27.03,79,79.7,21.06,8.223,2.64
Z152,57.88,12,187,0.85,33.3,92,106.7,25.4,9.559,2.677
Z153,40.39,10,163.4,0.85,32.15,102,118.3,23.76,8.481,2.951
Z154,33.71,10,146.7,0.8,30.6,101,111,26.22,8.703,2.803
Z155,41.17,11,133.18,0.88,33.7,90,105,22.68,9.449,2.79
Z156,65.76,14,177.21,0.87,32.98,91,101.7,24.2,9.005,2.852
Z157,29.14,11,118.91,0.76,32.32,101,119.3,26.22,8.765,2.906
Z158,43.61,12,142.33,0.86,31.35,93,110.7,22.54,9.257,2.668
Z159,44.6,17,117.18,0.8,29.75,96,108.3,23.52,9.654,2.494
Z160,40.53,11,172.27,0.8,28.6,102,114.7,26.46,8.352,2.836
Z161,46.52,13,138,0.93,29.62,89,100,22.2,8.353,2.781
Z162,41.73,16,116.94,0.75,32.22,93,103.3,23.44,9.971,2.548
Z163,44.34,14,142.36,0.76,30.92,93,104.7,25.46,9.282,2.642
Z164,49.06,11,171.64,0.86,31.75,97,117,26.86,8.684,2.929
Z165,45.89,15,137.93,0.74,31.05,97,114,23.42,8.429,3.01
Z166,52.79,15,136.53,0.85,32.33,97,106.3,23.68,8.749,2.932
Z167,36.56,10,130.9,0.96,30.5,95,108.7,23.94,8.159,2.893
Z170,46.04,11,151,0.88,34.03,95,105,24.18,9.559,2.701
Z171,40.73,13,126.77,0.86,28.87,80,82.7,21.42,8.312,2.719
Z172,39.39,10,136.5,0.92,32.95,93,100.7,23.22,9.819,2.613
Z173,41.49,9,164.44,0.92,32.63,92,105.7,23.6,9.636,2.683
Z174,54.47,17,123.82,0.92,28.28,80,87.7,21.2,8.129,2.655
Z175,47.14,12,141.08,0.89,33.3,98,116.3,26.06,8.647,3.082
Z176,43.67,11,137.36,0.9,33.8,98,114.7,26.52,8.652,3.082
Z177,42.16,11,138.45,0.94,31.17,95,103.3,23.24,8.338,2.897
Z178,39.2,9,177.44,0.77,33.68,98,112.7,25.7,9.002,2.871
Z179,50.16,12,171.75,0.87,29.93,97,113.3,24.2,8.39,2.866
Z180,55.46,11,183.82,0.95,30.18,95,105.7,24.92,8.239,2.84
Z181,55.07,14,174.29,0.86,28.78,99,104.3,24.68,8.216,2.84
Z182,56,14,144.5,0.93,33.15,89,94.3,22.9,9.027,2.927
Z183,41.61,14,129.93,0.89,28.05,81,79,21.22,8.521,2.732
Z184,39.3,12,156.67,0.85,25.72,83,87.7,22.38,7.958,2.739
Z185,35.44,9,177.22,0.75,31.68,102,112.7,25.52,8.637,2.974
Z186,31.09,13,124.69,0.74,27.68,88,88.3,21.34,8.338,2.717
Z187,54.31,12,163.75,0.95,30.18,86,102.7,23.18,8.332,3.005
Z188,58.61,13,148.08,0.94,34.02,89,105.3,22.68,9.429,2.777
Z189,45.73,16,136.56,0.69,32.32,96,104.3,23.3,9.289,2.867
Z190,40.37,10,201.1,0.7,31.13,101,113.3,25.64,8.607,2.94
Z191,72.47,19,151.21,0.9,29.62,93,108.7,24.78,8.188,2.832
Z192,47.7,13,135,0.84,34.25,95,102.3,22.46,9.745,2.666
Z193,60.47,22,121.73,0.89,28,89,99.7,20.5,8.648,2.594
Z194,37.34,8,188,0.84,30.67,92,107.3,22.24,9.601,2.714
Z195,38.82,12,135.5,0.92,28.32,102,108.3,23.46,8.543,2.587
Z196,41.37,12,169.67,0.78,28.2,85,94.3,22.52,9.032,2.528
Z197,55.8,13,163.69,0.93,30.28,95,110.3,23.48,8.232,2.862
Z198,30.78,8,164.38,0.77,33.4,100,119.7,27.06,8.98,3.075
Z199,45.35,16,132.56,0.79,30.12,90,99,22.04,9.107,2.539
Z200,56.11,15,153.07,0.82,31.75,90,93.7,23,9.126,2.72
Z201,52.06,22,106.82,0.78,29.48,80,74.3,22.96,8.47,2.848
Z202,40.66,17,90.06,0.91,31.28,80,73.3,22.36,9.138,2.699
Z203,39.32,15,129.2,0.81,25.73,82,80,22.36,8.271,2.543
Z204,46.61,12,150,0.92,29.67,94,102.3,21.66,8.961,2.505
Z205,61.59,17,140.71,0.92,29.57,88,93,24.08,8.496,2.804
Z206,32.67,10,122,0.92,32.07,95,101,25.34,9.526,2.675
Z207,38.64,13,145.46,0.78,29.47,96,111.3,25,8.471,3.021
Z208,54.72,15,138.87,0.85,33.25,83,98.3,23.2,9.167,2.852
Z209,45.17,10,175.4,0.94,28.28,88,95,22.22,8.227,2.848
Z210,41.78,14,144.71,0.81,28.08,80,79,22.28,9.234,2.428
Z211,50.93,18,138.78,0.85,25.63,82,85.7,22.38,8.395,2.495
Z212,64.04,22,167.18,0.7,26.92,82,85.7,22.5,8.851,2.47
Z213,54.5,16,120.38,0.92,32.53,97,112,22.88,8.785,2.919
Z214,54.96,16,170.25,0.84,30.62,96,107,23.34,8.422,2.866
Z215,35.21,15,126.13,0.83,23.92,81,79.7,21.76,7.995,2.546
Z216,59.45,17,136.76,0.91,30.52,100,116.7,23.74,8.487,2.929
Z217,40.66,16,119.5,0.79,27.5,76,95,23.92,9.31,2.335
Z219,41.5,13,148.38,0.84,27.12,81,88,23.16,8.105,2.83
Z220,44.25,16,120.06,0.85,29.5,82,84,21.08,8.493,2.784
Z221,36.63,8,165.5,0.95,30.5,97,98,24.66,8.277,2.921
Z222,112.09,27,157.63,0.88,31.43,96,114,25.94,8.546,2.959
Z223,36.21,11,141.09,0.88,28.83,83,86.3,23.06,9.355,2.501
Z225,36.56,12,136.33,0.82,29.85,82,83.3,22.4,9.44,2.58
Z226,35.9,11,142.73,0.9,26.27,82,83.7,22.72,8.24,2.682
Z227,36.75,13,127.38,0.83,27.88,81,84,21.98,8.537,2.73
Z229,56.12,20,128,0.79,29.32,88,86.7,23.62,8.363,2.756
Z230,60.29,18,126.39,0.93,29.35,94,100.5,21.74,8.14,2.869
Z231,39.43,13,120.38,0.88,29.63,97,103,23.68,8.383,2.885
Z232,40.35,10,146.3,0.9,32.98,95,104.7,24.56,9.221,2.712
Z233,25.17,11,130.55,0.75,26.43,95,99.3,22.72,8.277,2.862
Z234,50.27,14,152.64,0.88,27.82,97,100.7,21.22,8.452,2.754
Z235,44.18,14,126.36,0.82,31.93,89,86.3,24.68,9.128,2.616
Z236,34.45,10,135.7,0.79,34.45,101,110,25.22,9.105,3.03
Z237,49,12,175.67,0.93,31.32,93,99.3,26.82,8.816,2.807
Z238,46.11,13,133.31,0.9,31.05,98,104.7,20.66,9.016,2.625
Z239,65.93,15,156.27,0.92,32.37,100,115,26.16,8.562,3.027
Z240,45.01,15,147.4,0.8,27.97,95,105,24.26,8.228,2.847
Z241,52.05,18,115.67,0.83,31.88,99,107,25.26,8.779,2.976
Z242,70.98,18,163.83,0.74,34.13,99,116,25.46,8.641,3.184
Z243,53.6,17,133.71,0.84,29.4,98,106.3,24.22,8.36,2.859
Z244,55.81,18,129.06,0.86,29.03,88,105.3,22.12,9.017,2.682
Z245,26.64,12,99.42,0.81,28.97,77,89,20.62,7.442,3.209
Z246,51.71,16,146.13,0.79,30.15,95,108.3,25.46,9.209,2.683
Z247,30.34,12,101.83,0.85,31.45,89,95.3,21.28,8.895,2.654
Z248,37.62,9,145.56,0.86,34.77,85,95.7,24.26,9.337,2.837
Z249,42.93,13,141.69,0.9,26.85,93,100.7,23.14,7.982,2.794
Z250,40.45,10,139.4,0.9,33.88,90,96.7,22.3,9.696,2.611
Z251,43.29,13,147.54,0.87,27.02,88,98,22.16,7.834,2.867
Z252,37.72,9,159.11,0.82,33.78,88,98.3,22.96,9.383,2.834
Z253,38.11,12,151.67,0.86,26.1,94,89.7,21.92,9.157,2.347
Z254,37.54,10,151.7,0.85,30.77,92,103.3,21.78,8.537,3.003
Z255,42.65,8,211.38,0.89,29.62,88,95.7,24.34,8.324,2.961
Z256,34.52,9,116.56,0.95,36.75,90,98.7,22.8,8.984,3.035
Z257,34.95,11,120.64,0.85,32.6,95,92.7,22.18,9.023,2.758
Z258,49.55,10,183.6,0.88,32.2,91,103.7,26.36,8.631,2.951
Z259,36.98,9,142.78,0.87,33.5,91,93.3,22.92,9.299,2.692
Z260,56.68,13,139.38,0.92,35.5,94,94.7,22.12,9.722,2.722
Z261,34.48,9,146.56,0.87,31.08,99,100.7,21.88,8.64,2.908
Z262,44.27,12,131.67,0.91,32.07,89,94,23.3,9.505,2.633
Z263,54.44,13,149,0.93,31.65,90,102,24.3,8.004,3.146
Z264,54.13,12,153.75,0.92,32.47,89,103.3,26.08,9.519,2.676
Z265,42.39,11,143.45,0.89,32.52,101,106,23.62,8.181,3.259
Z266,32.63,10,122.7,0.88,32.58,98,112.3,23.24,8.381,3.045
Z267,41.34,10,163.4,0.87,30.97,90,101.3,23.98,8.357,2.987
Z268,44.31,15,106.73,0.93,31.48,93,96.7,20.88,8.177,3.039
Z269,32.54,7,165.29,0.9,33.37,94,106.7,25,9.917,2.727
Z270,39.19,11,129.82,0.89,32.18,87,100.3,21.12,9.587,2.55
Z271,46.29,12,139.67,0.93,31.68,89,102.7,24.66,9.932,2.611
Z272,31.2,7,161,0.95,31.33,88,106.7,21.64,8.061,2.943
Z273,31.99,9,162,0.85,29.12,96,104.3,22.1,7.961,3.105
Z274,38.66,8,176,0.87,33.42,85,92,24.38,9.274,2.807
Z275,34.45,9,163.11,0.74,33.43,89,97.3,22.66,8.245,3.213
Z276,47.41,11,142.82,0.9,36.47,88,96,22.4,9.442,2.886
Z277,37.98,9,159.67,0.83,33.37,89,99,24.48,8.404,3.168
Z278,33.25,10,101.3,0.92,37.13,88,93.3,22.56,9.456,3.033
Z279,33.72,10,136.2,0.87,30.07,88,84.7,22.6,8.579,2.879
Z280,37.83,9,156.22,0.93,30.05,90,95.7,21.86,8.195,2.983
Z281,30.13,8,139.63,0.93,30.12,96,91.7,23.74,8.119,2.919
Z282,33.28,10,124,0.83,35.37,91,96.3,23.84,9.153,3.001
Z283,31.08,10,127.9,0.8,31.4,86,84,22.52,9.452,2.769
Z284,43.43,12,128.17,0.84,35.25,90,94.3,25.12,9.273,2.956
Z285,37.98,12,108.67,0.87,35.22,88,88.7,23.52,9.514,2.854
Z286,34.23,11,112.18,0.87,33.98,86,90,22.1,9.258,2.877
Z287,30.46,9,143.67,0.88,27.65,97,97.7,24.48,8.227,2.802
Z288,42.16,10,149.6,0.95,31.23,90,89,23.28,9.009,2.832
Z289,36.99,8,162.5,0.93,31.58,89,89.3,22.9,9.2,2.711
Z290,51.18,13,152.31,0.9,30.03,80,85,23.12,8.439,2.935
Z291,33.36,7,161.14,0.93,33.22,90,99,22.2,8.587,3.012
Z292,39.04,13,102.54,0.92,32.98,93,93,21.54,9.669,2.771
Z293,39.4,10,123.6,0.94,35.82,90,95,21.9,9.857,2.768
Z294,24.97,11,110.55,0.77,31.05,105,92.3,24.68,8.584,2.943
Z295,19.96,9,91.22,0.83,30.23,96,92.7,21.34,9.209,2.689
Z296,30.15,11,100.64,0.82,34.65,95,90.3,23.68,9.862,2.721
Z297,44.16,14,113.79,0.88,32.23,91,91,22.1,10.058,2.77
Z298,47.02,16,101.25,0.89,34.38,94,97,21.92,10.084,2.71
Z299,42.13,12,121.42,0.96,30.9,96,96.7,22.16,8.393,2.906
Z300,41.59,14,102.43,0.93,33.53,88,96.3,20.72,9.691,2.716
Z301,40.99,14,130.64,0.78,30,97,94.7,19.9,9.353,2.643
Z302,32.43,11,105.18,0.91,32.42,94,91.7,21.92,9.665,2.683
Z303,30.24,10,111.1,0.81,34.87,93,91,22.56,9.885,2.827
Z304,41.73,11,124.64,0.96,32.45,89,96.3,22.84,9.718,2.656
Z305,40.33,10,133.2,0.93,33.45,88,89.3,20.38,9.649,2.711
Z306,37.64,8,149.63,0.96,33.35,91,105,23.54,9.87,2.623
Z307,33.37,9,131.56,0.87,34.18,92,95.3,23.62,9.469,2.771
Z308,47.12,12,126.67,0.96,33.35,83,90.7,21.84,9.008,2.801
Z309,32.52,9,121.44,0.91,33.93,92,98.7,21.76,8.382,3.114
Z310,44.33,12,134.5,0.9,32.52,94,105.7,22.42,9.044,2.876
Z311,55.38,12,170.17,0.88,32,91,107,25.1,8.162,3.044
Z312,69.13,19,126.21,0.92,32.95,87,95.7,22.96,9.395,2.792
Z313,75.94,18,137.67,0.91,35.13,87,99,23.68,9.245,2.845
Z314,42.15,18,112.89,0.77,29.37,82,80,23.48,8.972,2.619
Z315,61.43,14,141.21,0.94,34.7,94,104.7,25.6,8.381,3.132
Z316,36.88,14,128.07,0.81,27.62,90,101,24.24,8.839,2.582
Z317,50.51,12,143.33,0.89,33.95,95,104.3,25.98,8.306,3.183
Z318,37.6,17,120.29,0.8,30.97,82,81.7,20.32,9.2,2.624
Z319,48.16,13,126.77,0.89,35.57,90,100.3,22.9,9.724,2.735
Z320,31.81,14,96.14,0.77,32.53,94,99,22.04,9.66,2.667
Z321,53.47,15,124.27,0.92,33.53,84,92,21.14,9.041,2.875
Z322,74.11,17,142.59,0.92,36.02,95,101.7,23.56,9.784,2.75
Z323,41.79,13,109.92,0.88,36.05,91,100.7,23.1,10.217,2.746
Z324,35.12,10,120.7,0.92,34,90,92,22.18,9.446,2.708
Z325,47.92,9,193.78,0.96,29.33,91,98.3,25.36,8.274,2.845
Z326,51.2,14,130.79,0.9,34.12,91,95,21.68,9.572,2.82
Z327,44.83,12,139.58,0.93,30.3,90,93,24.46,8.478,2.926
Z328,47.06,15,110.2,0.95,30.97,90,91.3,22.82,9.151,2.667
Z329,48,11,163.91,0.93,29.62,88,97.3,22.16,9.158,2.605
Z330,56.35,15,127.67,0.94,33.08,93,98,23.06,9.084,2.771
Z331,58.07,17,141,0.9,28.02,85,100,19.72,8.045,2.826
Z332,61.63,15,157.8,0.89,30.63,88,90.7,24.68,9.425,2.562
Z333,40.23,10,140.7,0.95,32.12,88,95.3,21.42,9.091,2.799
Z334,43.55,14,120.21,0.86,33.42,90,98.3,25.12,9.167,2.795
Z335,37.79,11,106.09,0.93,37.13,89,95.3,23.38,9.899,2.866
Z336,49.79,11,193,0.88,27.25,83,97,24.24,7.938,2.838
Z337,40.7,13,133.38,0.81,30,86,89.3,23.46,9.065,2.638
Z338,53.23,14,133.93,0.93,31.68,89,93.7,21.9,9.046,2.763
Z339,39.19,10,141.5,0.89,31.92,87,92.3,21.7,9.088,2.763
Z340,43.02,12,133.67,0.89,33.03,87,96,22.62,8.988,2.804
Z341,39.49,11,124.55,0.91,34,95,96,23.68,9.502,2.702
Z342,35.01,9,127.67,0.97,33.43,87,102.3,24.1,8.883,2.982
Z343,34.69,8,188.25,0.91,27.33,91,95.3,21.36,8.545,2.685
Z344,48.52,11,142.64,0.95,33.15,84,95.7,23.26,9.741,2.67
Z345,36.98,9,157.44,0.91,32.5,97,97,25.54,8.972,2.98
Z346,56.05,14,133.5,0.93,34.18,92,94,23.48,9.594,2.728
Z347,57.33,14,157.29,0.89,30.98,93,98.5,23.02,8.753,2.759
Z348,42.74,6,270.83,0.87,32.18,94,99.3,22.5,9.396,2.787
Z349,46.39,11,163.18,0.85,30.93,96,106,22.74,8.386,2.884
Z350,51.93,11,163.36,0.92,33.25,94,94,24.44,9.527,2.719
Z351,48.22,11,169.09,0.9,29.52,92,98.3,23.92,8.701,2.819
Z352,49.19,11,153.27,0.92,32.93,95,105.7,25.48,9.481,2.745
Z353,43.14,12,132.58,0.92,30.87,94,102.3,24.22,8.349,3.024
Z354,35.59,10,130.4,0.96,29.57,87,95,23.4,8.157,2.912
Z355,42.74,9,161.78,0.96,30.65,85,101.7,20.84,8.359,2.937
Z356,19.24,7,113.14,0.88,29.13,85,99.3,23.5,8.479,2.823
Z357,38.2,10,145.7,0.89,32,85,94.7,23.88,9.093,2.761
Z358,56.64,14,142.29,0.89,33.43,99,109,25.26,8.986,2.912
Z359,38.92,10,127,0.95,33.5,87,97.7,23.1,8.736,2.805
Z360,40.1,9,152.56,0.96,31.43,83,97,23.82,8.996,2.723
Z361,47.57,11,138.09,0.92,35.5,92,102,23.98,9.584,2.872
Z362,41.91,9,150.67,0.93,35.45,91,102.3,25.74,9.976,2.779
Z363,47.54,11,162.82,0.92,31.03,82,95,23.96,9.09,2.772
Z364,25.36,6,129.67,0.9,38.25,79,92.7,22.37,9.727,3.086
Z365,35.46,9,135,0.9,32.63,87,96,24.08,8.767,2.949
Z366,40.32,8,177.13,0.95,30.92,90,103.3,25.36,9.411,2.735
Z367,33.47,11,146,0.85,26.83,82,87.3,22.28,9.288,2.462
Z368,37.65,8,150.5,0.92,35.37,92,98.3,23.08,9.101,2.977
Z369,28.63,9,122.22,0.98,27.23,88,95,23.72,8.449,2.675
Z370,30.48,10,116.8,0.86,32.95,88,96.3,21.8,9.397,2.707
Z371,48.07,11,164.18,0.89,32.05,92,96.7,21.02,9.049,2.783
Z372,30.01,8,145.88,0.93,31.2,89,94.7,20.58,9.122,2.741
Z373,76.64,18,180.17,0.94,25.98,97,102.3,23.6,7.726,2.769
Z374,21.36,11,108.09,0.69,26.03,71,71,18.88,9.079,2.443
Z375,25.79,12,118.58,0.71,26.62,71,74,19.22,9.357,2.336
Z376,31.3,11,115.73,0.92,28.08,70,68.7,17.92,8.333,2.69
Z377,27.02,10,96.5,0.94,30.57,97,99.7,23.84,8.305,2.875
Z378,42.58,12,126.67,0.95,29.95,91,97,22.4,8.217,2.896
Z379,43.01,11,147.55,0.96,28.53,85,92.3,22.8,8.154,2.95
Z380,26.92,8,147.25,0.91,25.9,83,90.3,23.06,7.557,2.729
Z381,35.87,13,98.23,0.95,30.03,99,99.3,22,8.501,2.871
Z382,32.37,11,126.73,0.91,28.28,83,86,19.8,8.416,2.774
Z383,35.08,11,129.36,0.89,29.73,96,91,19.98,8.588,2.451
Z384,46.23,14,139.07,0.8,31.47,82,85,23.06,9.099,2.744
Z385,58.94,15,134.4,0.97,30.83,95,103.7,24.62,8.264,2.922
Z386,43.13,13,131.62,0.96,26.95,92,97.7,21.46,7.815,2.799
Z387,38.19,11,166.55,0.71,32.53,87,83,24.74,9.416,2.717
Z388,34,12,132.42,0.76,29.4,73,71,19.14,8.042,2.926
Z389,38.14,10,163.5,0.87,27.93,95,98,23.2,8.744,2.841
Z390,77.27,18,146.83,0.93,32.5,88,109,24.64,8.761,3.195
Z391,29.79,7,154.86,0.89,31.37,100,99.7,22.3,9.574,2.655
Z392,20.12,7,124.71,0.87,27.45,81,78,21.98,8.06,2.856
Z393,25.07,8,130.13,0.89,28.08,78,76,22.46,8.9,2.517
Z394,34.09,11,129.27,0.87,27.83,78,74,21.7,8.803,2.559
Z395,26.33,10,109.2,0.94,26.12,80,79.7,18.46,7.309,3.004
Z396,33.41,11,118.55,0.95,27.9,78,79.7,22.48,8.947,2.52
Z397,30.02,11,112.45,0.91,27.07,72,71.3,16.24,6.92,3.323
Z398,30.63,9,147.56,0.92,27.43,95,102.7,22.02,8.819,2.528
Z399,27.3,8,128.13,0.91,31.48,96,88.3,20.4,9.303,2.674
Z400,33.34,10,129.7,0.89,30,96,89,20.76,9.127,2.618
Z401,30.44,7,195.71,0.96,24.15,95,92.7,21.52,8.126,2.497
Z402,23.86,7,148.29,0.91,28.23,77,73.3,19.96,8.924,2.604
Z403,43.77,13,138.54,0.92,27.12,77,79.3,21,8.849,2.497
Z404,51.79,11,171.27,0.94,30.88,96,92.3,20.7,8.986,2.641
Z405,30.89,10,132.6,0.72,32.57,90,92,21.62,9.192,2.716
Z406,32.7,10,120.2,0.94,30.07,97,89.3,19.34,8.864,2.62
Z407,32.53,9,132.89,0.83,34.18,95,99,23.28,9.912,2.834
Z408,36.93,9,145.11,0.96,31.45,94,96,22.48,9.57,2.644
Z409,22.8,7,123.86,0.98,27.93,70,75.3,22.33,8.78,2.545
Z410,33.03,12,147.5,0.71,27.75,72,71.7,20.88,9.036,2.466
Z411,59.49,18,125.94,0.93,29.48,74,83,22.86,8.196,2.888
Z412,29.07,10,105.4,0.86,34.4,81,72.3,20.48,9.468,2.826
Z413,31.6,11,120,0.81,32.95,101,95,24.66,9.879,2.68
Z414,12.55,8,95.13,0.59,28.15,72,68.7,20.06,9.384,2.437
Z415,27.62,7,137.14,0.93,32.03,98,93.7,24.26,8.415,2.98
Z416,31.42,12,136.92,0.77,26.55,93,85,20.26,8.418,2.569
Z417,21.58,9,95.56,0.92,28.62,88,78.3,19.86,8.222,2.692
Z418,21.4,9,115.67,0.8,26.78,78,67,21.06,9.244,2.337
Z419,31.28,10,122.2,0.93,29.42,85,79.3,23.08,9.348,2.559
Z420,33.47,13,102.15,0.87,29.57,78,76.7,20.1,9.253,2.526
Z421,21.82,7,116.86,0.92,29.4,79,73.7,20,9.393,2.621
Z422,25.85,9,96.11,0.95,32.67,78,74,19.14,9.238,2.839
Z423,24.15,8,111.25,0.94,29.87,78,75,20.52,9.364,2.585
Z424,20.26,7,116.86,0.96,26.57,72,79,20.88,8.944,2.402
Z425,26.84,8,149.25,0.84,28.28,72,77,21.26,9.069,2.572
Z426,29.16,11,119.64,0.9,26.85,80,75,20.34,9.444,2.283
Z427,25.31,9,102.44,0.94,36.53,97,93.7,23.1,10.298,2.758
Z428,26.71,10,109.1,0.95,26.57,71,72.3,21.4,8.62,2.504
Z429,28.78,13,93.85,0.96,25.47,78,75,21.64,8.397,2.526
Z430,34.31,13,124.08,0.81,28.75,81,74.3,20.12,9.035,2.502
Z431,38.07,12,135.08,0.88,28.48,82,79.7,22.38,9.216,2.667
Z432,27,9,110.22,0.96,29.33,72,84,18.98,8.88,2.631
Z433,36.38,14,122.21,0.87,26.05,81,79.3,21.52,8.896,2.327
Z434,48.49,17,124.35,0.93,25.4,77,77.7,21.02,8.295,2.504
Z435,44.99,12,138,0.96,29.28,92,95.7,21.92,8.404,2.827
Z436,32.75,9,165.11,0.8,28.82,87,86.3,23.08,9.281,2.553
Z437,42.55,11,132.73,0.95,32.08,98,105.3,25,8.844,2.909
Z438,45.2,11,149.55,0.91,32.4,89,101.3,24.1,9.91,2.611
Z439,39.09,12,134.08,0.93,27.23,78,76.7,21.68,9.067,2.467
Z440,47.82,11,146.55,0.94,33.03,89,101.7,23.06,9.783,2.678
Z441,52.56,13,144.31,0.93,31.68,88,96.7,24.42,9.869,2.524
Z442,32.88,12,114,0.85,29.95,78,78,21,9.378,2.621
Z443,25.82,8,157.38,0.83,26.53,82,71.7,19.36,8.685,2.537
Z444,40.51,10,172.9,0.83,29.63,92,103.7,26.06,9.211,2.673
Z445,40.76,17,95.88,0.9,29.73,82,71.3,18.96,8.372,2.931
Z446,48.34,15,144.8,0.82,28.52,82,83,21.18,8.918,2.475
Z447,21.24,8,139.75,0.8,25.1,74,69,21.22,8.937,2.407
Z448,51.5,12,182.83,0.92,26.7,73,82.7,21.72,8.876,2.507
Z449,40.98,13,121.85,0.94,28.98,72,77.7,20.82,9.01,2.574
Z450,31.63,8,145.38,0.94,30.72,90,97.3,21.48,9.477,2.589
Z451,25.56,8,121.88,0.92,29.77,77,76.7,21.48,9.418,2.561
Z452,29.13,10,156.7,0.78,25.5,95,92,18.96,7.83,2.685
Z453,36.3,9,145.89,0.94,30.53,94,96,23.48,9.489,2.647
Z454,24.93,6,168.5,0.89,29.67,95,100.7,23.18,9.33,2.646
Z455,19.12,7,116.86,0.92,26.52,81,73,21,9.19,2.457
Z456,31.8,13,104.85,0.83,28.38,79,83.3,20.08,9.202,2.641
Z458,23.96,9,95.67,0.92,32.17,100,90.7,20.72,9.777,2.854
Z459,27.68,9,113.89,0.9,31.33,101,90.7,22.74,9.713,2.822
Z460,34.7,15,107.47,0.81,28.02,84,78.7,21.26,9.254,2.503
Z461,21.93,8,111.75,0.84,29.92,71,76,19.02,9.222,2.614
Z462,20.39,8,102.63,0.9,28.38,83,81.3,21.16,9.242,2.544
Z463,16.12,6,127.67,0.74,28.95,72,73,19.94,9.198,2.581
Z464,21.94,8,112.5,0.93,26.3,72,80.7,20.5,8.576,2.535
Z465,35.29,10,132.4,0.92,30.12,97,98.3,24.36,8.353,2.969
Z466,21.62,7,111.57,0.95,30.42,71,71.7,18.4,9.319,2.599
Z467,20.89,7,111.57,0.93,29.23,69,75,20.08,8.801,2.602
Z468,20.06,9,125.33,0.57,31.25,80,73.3,22.08,9.713,2.519
Z469,22.28,7,142,0.86,27.57,83,83,22.9,8.942,2.543
Z470,38.83,12,110.08,0.93,33.25,81,90,20.1,9.468,2.71
Z471,25.14,7,128.29,0.94,29.92,78,82.7,19.88,9.104,2.585
Z472,33.24,11,109,0.95,29.83,79,84.7,18.02,9.35,2.491
Z473,29.82,8,126.13,0.94,32.67,90,86,24.76,9.492,2.731
Z474,50.44,15,137.4,0.94,27.03,72,81,21.18,9.112,2.528
Z475,28.82,7,158.14,0.95,28.93,79,76,23.22,9.23,2.508
Z476,29.17,9,138.67,0.9,28.05,79,79.7,20.5,9.011,2.573
Z477,30.21,8,165.75,0.78,30.62,84,78,21.6,9.542,2.597
Z478,34.34,9,151.33,0.94,28.22,70,82.3,19.64,8.824,2.545
Z479,31.82,8,126.13,0.94,34.1,93,91,21.92,9.8,2.699
Z480,29.62,7,162.29,0.93,29.2,97,93.7,24.12,8.164,2.946
Z481,35.43,11,124.73,0.94,28.8,100,89,25.1,9.502,2.624
Z482,38.97,14,103.93,0.91,31.2,69,76.7,20.58,9.245,2.514
Z483,27.75,9,162.22,0.72,27.92,70,80,19.48,8.807,2.441
Z484,27.14,7,167,0.88,28.63,83,84.7,24.06,9.428,2.484
Z485,31.93,7,165.57,0.92,31.07,89,92.7,24.86,9.447,2.579
Z486,32.94,9,122.67,0.92,34.43,92,90.7,23.72,9.811,2.669
Z487,28.28,12,101.42,0.81,31.95,100,103,21.14,9.836,2.687
Z488,35.7,11,124.91,0.91,29.3,72,85.3,22.42,8.999,2.538
Z489,45.4,16,126.38,0.87,27.52,73,74.3,19.72,8.469,2.574
Z490,37.4,13,120.69,0.85,29.23,70,76.7,20.94,9.502,2.453
Z491,25.75,9,129.44,0.83,27.88,85,75.7,21.22,8.738,2.559
Z492,34.55,12,108.75,0.92,29.57,101,101,23.6,8.758,2.665
Z493,30.69,10,140.5,0.84,27.25,82,75.3,22.42,9.067,2.504
Z494,40.26,17,126.24,0.74,27.02,81,71,22.52,9.134,2.3
Z496,32.17,14,85.93,0.93,30.87,82,78.3,18.92,8.815,2.941
Z497,37.12,12,131.92,0.91,27.22,78,82,22.46,9.149,2.48
Z498,88.04,20,154.65,0.91,33.05,91,97,23.14,9.139,2.755
Z499,44.23,10,162.7,0.96,29.72,82,78.7,22.42,8.883,2.607
Z500,33.56,10,103.1,0.94,35.72,91,96.7,24.88,10.09,2.678
Z501,40.45,12,190.92,0.87,31,80,79.3,22.76,9.229,2.698
Z502,34.3,13,91.15,0.96,30.75,87,85.7,20.28,9.023,2.737
Z503,48.04,13,147.77,0.94,27.73,82,86.7,23.12,9.465,2.545
Z504,34.27,10,145,0.94,26.42,76,83.3,23.16,9.067,2.47
Z505,55.27,13,141.54,0.94,32.92,90,95,24.62,10.273,2.609
Z506,38.26,9,216.33,0.91,27.63,94,98.3,20.44,8.843,2.534
Z507,34.58,10,150.1,0.94,25.92,93,96.3,18.68,8.49,2.514
Z508,37.95,10,147.8,0.93,29.8,95,99,24.66,9.318,2.598
Z509,39.42,9,177.44,0.86,30.65,89,99.3,26.68,9.799,2.589
Z510,25.62,8,130.5,0.86,29.68,77,75,21.76,9.225,2.685
Z511,25.96,7,145.71,0.86,32.5,79,81.7,22.9,10.187,2.505
Z512,22.77,5,170.8,0.89,31.17,99,98,21.87,8.423,2.949
Z513,23.87,8,105.38,0.96,30,87,93,20.82,8.09,2.957
Z514,37.92,10,116,0.98,33.5,89,92.7,19.58,9.309,2.691
Z515,42.88,12,121.5,0.96,32.07,88,97.7,21.32,9.714,2.631
Z516,39.08,11,121.73,0.94,32.25,91,97.3,21.72,9.047,2.76
Z517,40.17,11,146.82,0.89,29.82,88,93.3,21.02,9.1,2.65
Z518,36.71,12,138.25,0.79,30.27,90,96.3,19.62,9.143,2.731
Z519,44.46,11,145.73,0.92,30.55,93,100.7,23.5,8.251,2.868
Z520,45.52,10,165.4,0.92,31.8,91,100.7,24.42,9.598,2.617
Z521,51.71,14,189.21,0.91,23.3,87,89,21.02,8.636,2.363
Z522,24.95,7,144.14,0.82,30.85,89,100,20.78,8.938,2.641
Z523,29.73,9,132.11,0.81,31.78,90,97.7,21.7,9.091,2.644
Z524,45.21,13,137.85,0.85,31.25,83,91.3,23.2,9.402,2.649
Z525,44.79,12,152.5,0.92,27.1,95,97.7,21.28,7.772,2.747
Z526,62.14,14,175.86,0.85,31.7,91,89,23.16,9.044,2.769
Z527,30.16,13,118.54,0.68,31.05,96,98.3,22.82,9.35,2.665
Z528,52.55,11,184.64,0.95,28.7,90,93.3,21.98,7.937,2.758
Z529,47,15,147.73,0.76,29.58,98,113.3,23.24,8.662,2.82
Z530,43.64,14,110.07,0.96,31.75,87,90.7,19.52,9.38,2.633
Z531,40.79,9,168.56,0.95,29.58,94,105.7,25.66,8.223,2.95
Z532,38.78,11,160.18,0.81,28.67,80,86.3,21.6,9.043,2.534
Z533,36.66,10,151.9,0.88,29.42,97,100,21.44,8.969,2.597
Z534,25.72,12,86.08,0.93,27.53,72,79.7,18.52,7.054,3.249
Z535,49.33,13,129.77,0.96,31.65,81,82.7,22.24,9.393,2.681
Z536,23.45,11,110.55,0.83,25.02,73,78,19.4,7.129,2.976
Z537,31.65,8,167.13,0.76,33.1,84,91.3,20.5,8.647,2.912
Z538,36.98,10,116.9,0.97,33.73,87,91.7,20.34,9.478,2.746
Z539,47.04,12,183,0.91,24.7,92,92.7,17.8,8.385,2.506
Z540,47.34,11,181.55,0.93,32.97,83,86.7,21.22,9.118,2.807
Z541,40.13,9,158.89,0.97,29.55,85,83.7,22.08,8.366,2.831
Z542,42.38,11,126.55,0.97,31.77,88,92.3,20.04,9.498,2.675
Z543,39.88,9,164.33,0.92,31.02,87,91.3,21.02,8.968,2.68
Z544,38.52,11,175.36,0.8,27.22,94,96.3,18.42,8.475,2.624
Z545,35.75,10,147.5,0.96,27.12,70,74.7,19.24,9.155,2.414
Z546,21.39,11,90.45,0.8,28.27,62,74.7,21.52,7.399,3.063
Z547,25.42,12,95.08,0.93,24.38,75,82.3,19.64,6.954,2.938
Z548,41.27,8,258.75,0.81,25.83,88,100.7,21.82,8.268,2.741
Z549,31.92,9,198.33,0.87,21.83,88,86.3,18.8,8.104,2.426
Z550,62.11,19,148.53,0.84,26.57,88,78,22.66,7.964,2.835
Z551,50.27,13,154.62,0.89,30.9,81,100.3,23.16,9.774,2.551
Z552,31.54,12,116.33,0.75,31.02,89,91.3,19.9,9.012,2.646
Z553,27.3,10,126.9,0.8,28.45,81,77.3,22.88,9.4,2.453
Z554,22.45,10,127.7,0.57,31.72,94,91.7,19.54,9.312,2.66
Z555,22.37,8,113,0.92,27.73,88,91.3,19.16,8.925,2.637
Z556,32.85,8,138.88,0.87,35.98,89,98.7,21.82,9.567,2.849
Z557,40.17,11,165.82,0.77,31.12,95,107.7,21.6,9.173,2.637
Z558,34.65,8,163.5,0.88,32.45,90,94.3,20.92,9.758,2.67
Z559,38.37,11,110.45,0.94,36.42,90,93,22.72,9.473,2.861
Z560,36.04,11,162,0.89,29.68,81,79,22.36,9.185,2.559
Z561,27.92,9,127.78,0.83,30.4,99,99.7,22.14,8.616,2.922
Z562,28.1,8,168.63,0.72,30.93,100,104.3,23.7,10.067,2.675
Z563,40.73,12,140.58,0.87,30.1,87,87.3,20.32,9.067,2.677
Z564,27.01,8,139.38,0.84,30.58,88,84,19.54,9.064,2.635
Z565,26.4,9,102.78,0.94,31.02,75,81,20.78,9.479,2.502
Z566,31.71,8,137.88,0.93,32.28,90,85,21.7,9.212,2.772
Z567,36.43,10,123.8,0.91,33.47,99,104,24.22,9.854,2.701
Z568,17.06,6,140.5,0.76,27.78,88,80.7,18.56,9.401,2.618
Z569,28.65,11,101.73,0.91,29.02,76,73.7,19.88,8.378,2.764
Z570,30.81,13,97,0.91,27.27,72,72,19.9,8.916,2.473
Z571,22.81,10,128.1,0.56,33.77,87,95,24.72,9.748,2.774
Z572,45.1,10,171,0.94,29.48,82,86.3,23.62,9.106,2.592
Z573,29.29,9,146.22,0.85,27.83,74,76.7,21.76,9.155,2.488
Z574,47.73,15,117.8,0.93,30.35,78,75.7,22.66,9.206,2.592
Z575,40.44,12,119.42,0.95,30.4,78,80,21.88,9.697,2.57
Z576,52.5,12,174.42,0.89,31.12,92,100,23.42,9.403,2.698
Z578,56.02,16,126.63,0.91,32.07,73,85,20,9.237,2.66
Z579,25.43,10,111.4,0.81,29.88,73,73,20.08,8.909,2.657
Z580,31.92,10,135.7,0.92,26.48,82,88.7,21.26,8.257,2.6
Z581,32.81,8,165.5,0.96,26.62,82,83.3,25.4,8.402,2.585
Z582,33.13,12,106.58,0.88,31.08,84,77,21.7,9.008,2.661
Z583,23.58,7,151.43,0.86,26.38,100,103.3,22.18,8.669,3.018
Z584,35.03,10,143.6,0.91,28.07,73,76.7,20.52,8.25,2.87
Z585,28.16,9,113.78,0.9,32.03,80,72,19.88,9.259,2.71
Z586,18.77,8,91.88,0.82,32.68,80,76,19.26,9.114,2.853
Z587,27.6,10,105.9,0.91,29.18,81,67.7,20.72,9.007,2.581
Z588,29.32,11,125.91,0.78,28.87,75,75,20.04,9.476,2.495
Z589,38.17,11,137.73,0.87,30.9,96,93.3,21.74,9.484,2.695
Z590,30.23,8,160.88,0.85,28.55,72,74,22.04,8.928,2.538
Z591,26.13,9,119.67,0.9,27.83,79,81.3,21.68,8.401,2.81
Z592,30.71,10,145.8,0.84,25.45,84,80.3,21,8.193,2.653
Z593,32.37,11,126.73,0.89,27.02,85,82,24.08,8.557,2.65
Z594,38.35,12,112.67,0.95,31.23,78,79,21.5,9.732,2.541
Z595,30.17,10,120.9,0.96,27.15,88,87,22.6,8.685,2.586
Z596,35.47,12,134.75,0.91,25.82,83,83.3,22.44,8.51,2.637
Z597,31.59,10,166.8,0.75,26.48,83,84,21.12,8.987,2.477
Z598,35.53,10,166.7,0.9,24.87,83,75,22.24,8.745,2.408
Z599,28.05,9,156.67,0.9,24.68,82,73.3,21.88,8.917,2.405
Z600,51.22,13,136.38,0.95,32.9,80,92,26.42,9.72,2.654
Z601,24.62,8,139.38,0.89,25.88,79,72.7,21.84,8.903,2.422
Z602,33.47,11,116.55,0.9,29.08,73,78.7,21.52,9.103,2.601
Z603,25.79,10,109.2,0.92,26.55,78,72,20.6,8.875,2.496
Z604,20.47,8,99,0.9,30.02,73,73.7,19.46,9.17,2.617
Z605,38.7,11,132,0.96,30.37,78,74.3,21.1,9.556,2.66
Z606,32.71,9,139.33,0.94,27.88,79,86,23.94,9.436,2.529
Z607,39.94,10,129,0.95,34.2,82,96.7,23.68,9.635,2.669
Z608,42.72,13,136.38,0.92,26.9,71,87.3,23.74,9.127,2.435
Z609,38.17,15,102.13,0.87,30.48,82,81.3,21.54,8.861,2.845
Z610,48.75,13,144.69,0.9,31.15,88,93,24.4,8.296,2.986
Z611,38.57,13,129.15,0.81,28.83,75,79.7,22.26,9.211,2.497
Z612,42.2,13,164.77,0.89,24.03,81,82.3,23.04,8.174,2.457
Z613,15.41,12,95.5,0.48,28.5,81,72.3,20.2,9.167,2.49
Z614,60.87,16,154,0.88,28.63,72,83,23.74,8.63,2.685
Z615,33.03,11,126.55,0.96,26.17,81,83.7,21.96,8.939,2.476
Z616,41.19,12,130.08,0.88,30.37,83,86.3,21.78,9.322,2.569
Z618,37.39,11,150.91,0.92,26.83,78,77,22.6,9.181,2.541
Z619,31.66,11,140.18,0.72,30.35,88,79,21.7,9.129,2.75
Z620,34.25,9,156,0.97,26.57,88,82.7,22.66,7.978,2.737
Z621,34.85,10,126.8,0.96,30.08,72,79.7,21.94,9.154,2.573
Z622,31.47,12,87.25,0.95,32.43,72,72.3,20.8,9.78,2.666
Z623,40.79,9,169.44,0.93,29.97,89,89.3,21.24,8.552,2.88
Z625,32.94,9,148.56,0.9,28.32,74,73.3,19.18,9.034,2.579
Z626,27.07,10,99.6,0.87,32.65,73,76,22.7,10.375,2.538
Z627,25.49,7,141.71,0.89,30.4,83,94,24.08,9.578,2.652
Z628,45.82,11,155.36,0.87,32.57,84,93.7,25.08,9.86,2.619
Z629,26.37,8,141.88,0.87,27.43,89,97,21.74,8.498,2.588
Z630,51.34,15,162.07,0.87,26.72,83,87.7,20.52,8.608,2.68
Z631,54.58,15,164.6,0.92,25.13,85,81,19.84,8.201,2.599
Z632,35.91,11,161.82,0.81,27.08,85,83,19.9,8.998,2.538
Z633,35.62,8,190.63,0.94,26.78,85,81.3,25.78,8.121,2.691
Z634,43.68,16,121,0.86,28.03,76,83.7,24.06,9.253,2.488
Z635,35.72,13,114.08,0.9,28.58,76,74.7,21.18,9.45,2.523
Z636,34.13,12,111.25,0.89,30.05,79,75.7,21.28,8.958,2.609
Z637,23.59,8,136.13,0.84,27.3,79,72.3,21.12,9.199,2.509
Z638,30.98,11,118.91,0.91,27.85,78,74,24.18,8.917,2.473
Z639,31.07,10,122.4,0.97,28.02,78,76.7,19.74,8.963,2.561
Z640,43.37,13,142.15,0.87,28.12,82,86,22.9,9.035,2.472
Z641,40.52,12,146.08,0.84,28.65,82,85,26.04,9.406,2.492
Z642,35.21,9,167.11,0.92,26.93,77,81.7,21.28,8.933,2.503
Z643,35.55,11,134.82,0.89,28.02,75,82.7,23.66,9.12,2.484
Z644,28.03,11,131.18,0.7,28.83,82,83.7,22.5,9.349,2.542
Z645,26.87,9,111.33,0.92,30.6,71,75,21.64,9.34,2.524
Z646,32.23,10,130.1,0.89,28.42,75,77.3,21.66,8.109,2.764
Z647,30.88,11,106,0.93,30.22,74,78.3,19.94,9.611,2.508
Z648,37.06,13,104.31,0.95,30.32,74,78.3,20.9,9.365,2.523
Z649,36.57,14,101.36,0.91,28.85,74,76.3,18.14,8.26,2.761
Z650,46.23,11,153.55,0.97,29.72,91,97.3,19.14,7.879,3.072
Z651,31.61,8,138.63,0.98,30.2,91,94,19.6,7.829,3.007
Z652,37.6,11,126.09,0.93,30.97,70,80.7,21.32,9.356,2.535
Z653,34.29,12,107.5,0.92,30.7,90,85.3,20.58,8.137,2.987
Z654,35.9,10,141.7,0.93,29.92,95,87.7,21.36,8.88,2.529
Z655,47.33,9,198.89,0.97,27.67,89,91.3,22.24,7.895,2.814
Z656,50.79,12,166.83,0.97,27,90,93,21.96,7.758,2.806
Z657,50.81,12,143.17,0.91,33.77,96,95.7,23.12,9.536,2.741
Z658,32.95,10,121.3,0.93,30.23,71,86.3,21.48,9.522,2.603
Z659,41.5,11,129.55,0.91,34.52,87,91.7,23.32,9.588,2.844
Z660,22.42,9,122.56,0.9,23.38,70,70,18.28,7.932,2.579
Z661,35.96,9,175.11,0.95,26.38,81,80.7,20.52,8.946,2.525
Z662,66.43,22,158.82,0.81,24.32,71,75.5,20,8.189,2.597
Z663,35.62,10,128.3,0.93,30.97,73,80.7,19.58,9.318,2.632
Z664,32.81,9,151.11,0.83,29.72,82,78.7,21.72,8.901,2.697
Z665,31.73,9,138,0.89,30.43,83,79.3,21.86,8.787,2.63
Z666,37.21,11,135.91,0.86,30.22,69,84.3,22.2,9.391,2.389
Z667,44.35,14,144.93,0.91,25.9,83,79.3,18.84,8.968,2.388
Z668,31.03,10,152.2,0.8,27.3,85,78.3,21.94,8.973,2.417
Z669,31.25,14,106.64,0.81,27.1,68,73.3,21.12,8.75,2.491
Z670,58.83,18,134.11,0.94,26.23,89,83.3,19.86,8.921,2.479
Z671,41.02,13,113,0.95,31.38,69,74.3,20.96,9.299,2.535
Z672,28.36,12,112.08,0.7,30.35,72,73,17.1,6.983,3.373
Z673,33.53,16,78.94,0.96,29.15,72,67.3,16.4,7.146,3.153
Z674,20.27,13,83.46,0.66,28.95,73,74,16.7,6.962,3.248
Z676,34.87,11,112,0.94,32.28,89,87.7,21.34,9.246,2.809
Z677,53.09,14,137.43,0.97,30.38,95,105.7,21.68,9.996,2.606
Z678,37.27,13,123.85,0.73,33.22,94,98.3,21.72,9.28,2.673
Z679,29.8,8,120.13,0.97,33.57,88,93,20.82,9.405,2.724
Z680,31.35,7,183.14,0.9,29.17,89,100,22.86,9.31,2.589
Z681,38.28,12,138.83,0.86,28.62,93,96,20.76,8.725,2.575
Z682,48,15,130.53,0.87,30,89,94.3,21.84,9.71,2.531
Z683,37.4,11,181.18,0.79,25.2,96,101,22.04,8.488,2.492
Z685,31.16,8,147.75,0.94,29.43,95,105,22.76,8.345,2.84
Z686,41.54,10,141.9,0.98,31.48,90,97,21.74,8.456,2.926
Z687,47.76,12,154.17,0.89,31.15,96,106.3,23.38,8.497,2.885
Z688,37.32,12,134.58,0.83,29.87,95,102.7,21.38,9.728,2.517
Z689,43.8,14,107.71,0.96,31.93,87,86.3,20.46,9.289,2.697
Z690,44.7,11,146.36,0.97,30,90,92.3,19.02,9.125,2.664
Z691,46.87,12,146,0.91,30.18,97,101.3,22.58,8.171,2.904
Z692,8.9,12,62.08,0.4,29.9,75,67.7,13.9,7.073,3.293
Z693,31.81,19,97.21,0.7,24.78,64,68.3,18.52,6.716,3.123
Z695,36.83,19,85.63,0.92,25.33,67,68.7,15.84,6.938,3.002
Z696,35.43,15,115,0.85,25.95,71,77.7,17.98,7.221,3.005
Z697,29.79,20,152.85,0.4,25.85,73,84.7,21.96,7.082,3.077
Z698,40.66,15,106.07,0.86,31.77,101,110.7,24.3,8.271,2.961
Z699,32.82,8,167.5,0.92,27.72,95,104.3,22.06,8.01,2.889
Z700,31.59,10,148,0.85,26.53,96,100,24.3,8.489,2.635
Z701,33.93,9,151.11,0.84,30.18,90,93.3,20.18,9.046,2.659
Z702,69.52,19,133.63,0.92,30.55,89,94.3,23.72,8.311,2.803
Z704,73,17,143.41,0.92,34.02,88,96.3,22.32,9.327,2.702
Z705,28.62,9,151.67,0.71,31.17,85,90.7,19.94,9.027,2.712
Z706,43.33,10,162.3,0.92,30.33,93,102.7,22.54,8.36,2.889
Z707,26.7,12,87,0.91,28.45,71,75.7,17.76,7.122,3.113
Z708,43.02,10,176.1,0.96,25.85,79,103,23.7,7.898,2.689
Z709,39.09,8,199.13,0.94,27.75,79,103.7,26.56,7.637,2.895
Z710,29.17,10,144.8,0.85,25.15,83,104.7,26.2,7.773,2.86
Z711,27.63,6,207,0.92,24.47,83,94,17.33,7.097,2.953
Z712,45.17,11,173.27,0.86,27.72,82,95,24.54,7.171,3.121
Z713,32.07,7,180.57,0.88,29.65,75,102,23.78,7.501,3.141
Z714,33.96,10,148.5,0.84,27.57,74,71.7,18.64,6.742,3.201
Z715,16.43,10,111.2,0.57,26.7,64,71.7,15.58,7.322,3.045
Z716,28.78,12,101.5,0.92,26.82,81,92,22.06,7.212,3.05
Z717,35.29,8,216.13,0.84,26.08,85,96.7,26.84,8.146,2.876
Z718,22.82,13,104.38,0.59,28.72,72,75,17.6,7.371,3.189
Z719,109.7,25,182.6,0.9,27.28,94,100,20.24,7.984,2.794
Z720,36.58,13,169.38,0.72,24.73,88,96,22.2,7.765,2.772
Z721,35.67,7,172.43,0.96,31.35,87,99.7,21.34,8.014,3.124
Z722,34.77,8,165.88,0.94,29.33,89,99.7,22.1,8.321,2.911
Z723,26.15,8,118.63,0.97,28.9,75,92.3,22.44,7.063,3.194
Z724,131.12,27,172.44,0.95,30.5,89,102,24.84,8.367,2.924
Z725,62.2,18,154.61,0.83,27.67,81,83,23.54,9.025,2.444
Z726,30.41,9,124.22,0.89,32.23,89,98.3,22.7,9.697,2.627
Z727,35.24,9,139.56,0.95,30.57,89,100,20.34,9.714,2.546
Z728,34.53,11,133.18,0.83,29.33,95,99.3,24.34,9.865,2.53
Z729,36.72,14,111.64,0.82,28.97,80,85.3,23.06,9.304,2.538
Z730,46.92,10,173.8,0.86,32.3,82,88.7,22.62,9.239,2.849
Z731,40.86,10,164.6,0.83,32.4,86,98.3,24.14,10.082,2.608
Z732,29.06,10,135.6,0.7,31.75,88,100.7,24.8,10.104,2.597
Z733,26.08,9,101.56,0.89,33.73,90,99.7,23.3,10.012,2.711
Z734,45.71,12,138.75,0.85,33.55,88,94.7,26.72,9.953,2.833
Z735,28.25,8,148.75,0.88,28.25,81,84,24,9.381,2.496
Z736,36.4,11,137.36,0.81,31.5,89,99,21.78,9.942,2.499
Z737,29.69,11,129.09,0.82,27.72,81,82.7,23.28,9.336,2.425
Z738,36.53,9,171.78,0.85,28.88,89,102,23.2,9.198,2.624
Z739,39.86,9,168.44,0.98,29.08,90,104.3,26.62,9.282,2.569
Z740,33.39,9,115.89,0.92,35.85,90,94.3,22.2,9.337,2.932
Z741,27.25,8,120.88,0.91,32.17,95,96.3,22.2,10.166,2.495
Z742,23.89,7,118.57,0.91,32.05,87,100.7,23.18,9.879,2.519
Z743,24.36,9,103.44,0.85,32.7,85,87,21.26,9.563,2.704
Z744,34.73,8,142.75,0.95,32.47,89,100.7,22.72,9.892,2.591
Z745,25.89,7,179.57,0.71,30.95,85,85.7,22.96,9.461,2.572
Z746,37.93,11,119.18,0.91,32.68,88,99.7,23.1,9.68,2.635
Z747,23.02,7,163.14,0.65,32.38,85,90.7,22.84,9.388,2.756
Z748,39.14,10,184.3,0.95,28.55,84,83,22.2,8.339,2.835
Z750,42,10,160.4,0.94,28.73,97,98.7,25.46,8.362,2.961
Z751,45.03,17,136.76,0.83,24.68,79,71.3,20.56,7.985,2.574
Z753,33.96,9,131.56,0.88,34.2,97,104,23.5,8.896,2.971
Z754,30.92,9,144.11,0.86,29.48,98,107.3,22.48,8.142,2.92
Z756,22.77,7,139.71,0.91,26.02,87,76,21.32,7.945,2.71
Z757,25.58,7,151,0.95,26.1,88,80.3,20.56,7.709,2.817
Z758,22.83,6,163.83,0.78,31.23,101,98.3,26.04,10.039,2.517
Z759,38.83,9,158.33,0.93,32.02,96,92.3,19.44,8.672,2.813
Z760,37.64,13,131.85,0.8,29.6,95,94.3,20.88,8.846,2.767
Z761,69.72,16,148.25,0.92,33.53,91,104,22.82,9.638,2.732
Z762,16.8,8,100.38,0.87,25.93,96,96.7,20.12,9.279,2.455
Z763,31.31,9,128.33,0.87,33.48,97,105.7,24.92,8.313,3.175
Z764,42.7,12,149.83,0.89,28.83,97,106.3,21.32,8.028,2.911
Z765,32.85,7,153.71,0.95,33.9,87,93.7,20.96,9.771,2.635
Z766,47.84,12,133.5,0.92,33.62,85,95.7,21.08,9.781,2.629
Z767,37.32,11,133.73,0.93,28.33,89,93,17.5,8.297,2.412
Z768,45.53,12,171.17,0.91,26.55,85,82.3,19.5,9.002,2.501
Z769,46.22,15,132.6,0.86,29.15,92,93,21.36,9.16,2.582
Z770,29.99,7,190.86,0.9,25.35,85,82.3,20.24,7.851,2.569
Z771,25.72,8,145.75,0.78,29.55,84,92,19.9,9.214,2.606
Z772,39.6,7,241.29,0.94,25.83,87,94.7,23.18,8.079,2.628
Z773,30.92,9,139.67,0.83,31.33,88,90.3,22.64,9.86,2.647
Z774,34.4,6,186.17,0.92,34.53,89,101.3,22.4,9.223,2.853
Z775,34.27,9,146.33,0.92,30.02,89,99,24.62,9.857,2.508
Z776,43.53,10,159.2,0.92,31.53,87,102.3,22.76,9.798,2.599
Z777,35.63,9,132.11,0.95,33.03,88,92,22.34,9.068,2.848
Z778,27.37,11,89.09,0.94,30.63,83,85.7,19.5,9.665,2.596
Z779,22.29,9,105.44,0.79,31.48,83,85.3,22.36,9.331,2.788
Z780,41.34,9,159.11,0.91,33.47,88,92.3,24.6,9.315,2.73
Z781,23.15,7,144.29,0.76,31.36,88,95.3,23.54,8.221,3.08
Z782,34.73,12,116.17,0.85,31.88,96,93.7,24.28,9.659,2.57
Z783,29.36,10,115.5,0.85,31.82,83,97.7,22.9,9.564,2.767
Z784,36.84,10,125.5,0.94,32.13,95,99.7,23.06,8.378,3.055
Z785,38.38,9,162.11,0.92,29.9,90,96.3,25.92,8.201,2.951
Z786,49.32,16,119.88,0.78,34.68,95,106.7,22.88,9.642,2.935
Z787,35.79,9,135.44,0.91,32.73,93,97,23.18,9.051,2.761
Z788,41.28,8,215.13,0.76,32.98,89,103,23.2,8.198,3.213
Z789,35.92,9,154.11,0.82,32.98,88,96.3,24.7,8.256,3.233
Z790,36.59,9,144.22,0.98,30.12,94,96.3,22.28,8.335,2.933
Z791,26.38,6,152.83,0.92,32.2,98,102.3,23.1,10.222,2.834
Z792,35.84,10,137.5,0.84,33.83,91,97.3,21.9,8.412,3.166
Z793,28.89,7,131.57,0.95,34.67,89,100,24.76,8.379,3.243
Z794,27.66,12,82,0.87,33.87,89,89.7,19.76,9.666,2.78
Z795,40.75,9,166.33,0.92,31.1,88,89.3,23.54,8.37,2.989
Z796,27.82,9,105.78,0.93,32.5,89,89,22.22,9.198,2.791
Z797,28.21,8,147.75,0.83,30.18,87,93,23,8.346,2.961
Z798,35.64,9,143.78,0.96,29.38,82,90.7,24.32,8.936,2.663
Z799,38.71,11,126.55,0.9,32.6,90,93.7,22.76,9.176,2.827
Z800,48.57,12,138.17,0.93,32.72,82,94.3,24.7,8.896,2.909
Z802,27.39,8,109,0.91,36.2,84,94.7,24.2,9.731,2.867
Z803,22.85,7,112.43,0.87,34,89,86.7,19.45,9.59,2.812
Z804,27.81,8,108.5,0.9,36.43,85,87.7,24.3,9.849,2.888
Z805,37.44,9,141.11,0.87,36.35,90,102,21.02,9.488,3.079
Z806,30.93,7,155.71,0.86,36.05,88,104.7,21.66,9.396,3.028
Z807,28.58,10,120.5,0.81,31.43,82,82.3,21.9,9.868,2.621
Z808,25.9,8,118.25,0.85,34.43,95,99,22.66,9.965,2.711
Z809,49.93,12,163.83,0.82,32.25,89,88,21.44,9.899,2.646
Z810,30.71,8,134,0.95,31.92,89,99,25.12,8.816,2.829
Z811,33.53,10,119.4,0.85,34.68,94,98,23.66,9.831,2.661
Z812,28.15,9,103.33,0.86,36.78,88,96.7,23.06,9.921,2.831
Z813,27.56,9,129.22,0.82,31.38,99,95,23.66,8.71,2.887
Z814,48.74,11,146.36,0.97,33.07,89,102.7,26.16,9.884,2.582
Z815,42.6,13,116.31,0.89,33.2,89,98.7,21.9,10.179,2.59
Z816,31.14,7,178.43,0.83,33.72,94,106,25.4,8.291,3.26
Z817,43.58,9,175.67,0.89,33,82,89.3,21.7,9.378,2.79
Z818,34.64,8,144.88,0.91,34.37,96,104.7,23.5,8.432,3.152
Z819,44.16,12,128.08,0.94,31.97,94,97.7,26.26,8.817,2.784
Z820,47.8,10,162.2,0.96,32.07,96,104.3,23.66,8.438,2.945
Z821,31.95,7,160.57,0.95,32.63,92,103,23.56,8.355,3.151
Z822,39.56,15,129.33,0.84,27.22,83,87,22.88,8.161,2.767
Z823,44.55,14,158.14,0.8,26.4,82,83,23.74,8.121,2.761
Z824,33.16,10,129.3,0.89,29.63,90,95.7,23.44,8.94,2.747
Z825,44.43,10,170.7,0.95,29.05,88,91,24.46,8.288,2.952
Z826,37.04,11,121.64,0.91,32.63,88,92,20.72,7.918,3.157
Z827,37.97,13,161.23,0.69,27.47,82,83.7,22.6,8.756,2.5
Z828,61.66,15,174.13,0.89,28.27,78,85.3,25.68,9.397,2.393
Z829,37.56,13,119.85,0.92,27.77,90,86.7,23.66,8.994,2.558
Z830,48.68,11,164.36,0.92,29.53,89,96.7,24.68,8.318,2.915
Z831,31.58,9,124.44,0.92,31.62,97,92.3,23.44,9.688,2.613
Z832,39.91,12,110.58,0.89,34.58,96,95,22.24,8.709,3.032
Z833,32.44,10,109.7,0.94,32.28,93,96,22.88,9.029,2.877
Z834,25.51,11,107.91,0.7,32.88,83,86.7,22.82,9.973,2.686
Z835,60.56,10,229.2,0.88,30.93,88,100,22.28,9.502,2.688
Z836,39.21,11,152.27,0.92,27.55,80,88,25.28,8.225,2.777
Z837,44.74,12,181.33,0.78,28.2,88,93.3,23.78,9.516,2.427
Z838,36.76,9,146.11,0.87,33.58,89,98,23.68,9.905,2.714
Z839,30.5,8,143.5,0.86,33.42,94,100,24.22,9.62,2.667
Z840,36.91,8,152.13,0.92,33.42,89,95,20.74,9.188,2.764
Z841,41.93,13,127.15,0.82,33.4,83,89.3,23.72,9.536,2.684
Z842,29.59,8,129.5,0.95,33.38,94,97.7,23.98,8.729,2.902
Z843,41.26,16,101.25,0.87,30.02,78,79.7,23.64,9.4,2.486
Z844,43.69,14,136.43,0.83,30.03,82,89,22.74,9.017,2.691
Z845,29.16,10,110.9,0.85,33.2,93,103,20.86,8.233,3.073
Z846,39.89,14,112.36,0.82,32.83,81,89.3,22.5,9.641,2.703
Z847,38.69,11,129.73,0.94,30.32,88,97.3,24.68,9.659,2.56
Z848,42.89,11,153.73,0.9,30.07,82,94.3,22.34,9.547,2.488
Z849,38.37,10,140.4,0.93,30.77,90,95.7,21.28,8.337,2.963
Z850,49.36,11,142.27,0.9,36.4,91,98.3,22.3,9.248,2.907
Z851,48.95,13,137.85,0.92,31.25,90,106,22.46,8.251,2.938
Z852,39.95,10,143.7,0.87,34.45,91,108.3,24.06,9.166,2.858
Z853,39.68,11,125.91,0.9,33.8,90,103.3,24.68,9.232,2.822
Z854,34.91,11,131.45,0.91,27.75,96,106.3,22.72,7.996,2.84
Z855,30.72,8,143.88,0.94,29.47,85,96,23,7.928,2.947
Z856,35.03,9,130,0.94,33.37,90,107.7,23.48,8.361,2.979
Z857,28.84,9,135.22,0.92,27.93,86,92,20.38,7.914,2.905
Z858,38.09,10,136.8,0.88,32.8,89,100.3,22.44,9.588,2.655
Z859,51.21,13,141.69,0.85,33.7,88,98.3,23.46,9.616,2.723
Z860,41.57,8,182.38,0.96,31.15,96,103.3,24.76,8.283,2.964
Z861,30.4,9,142.22,0.72,34.85,83,89.3,22.66,9.629,2.918
Z862,34.16,14,121.5,0.67,31.68,83,95.7,20.28,9.331,2.722
Z863,43.51,8,185.88,0.91,34.92,87,96.7,22.16,9.679,2.782
Z864,42.5,15,105,0.92,30.33,83,96,23.66,8.42,2.83
Z865,45.63,14,163,0.75,28.08,82,101.3,23.88,8.275,2.723
Z866,43.88,13,147.08,0.87,28.15,88,108.3,24.02,8.506,2.782
Z867,65.18,20,145.75,0.85,28.02,89,96,22.48,8.385,2.702
Z868,53.28,16,131,0.85,32.18,92,97.3,23.52,9.636,2.693
Z869,44.49,13,124.23,0.85,34.3,83,94,21.1,9.368,2.868
Z870,59.72,16,129.38,0.9,32.58,85,96,23.06,9.317,2.783
Z871,51.68,18,120.56,0.82,31.25,83,84.3,21.76,9.428,2.61
Z872,37.23,12,112.83,0.84,34.03,85,94.3,21.76,9.628,2.77
Z873,62.54,13,166,0.98,31.15,88,97.7,23.24,9.635,2.531
Z874,35.62,13,102.23,0.83,33.93,83,87,22.4,9.785,2.723
Z875,35.6,9,133.78,0.97,32,89,90,20.56,8.855,2.799
Z876,38.41,7,168.71,0.95,35.07,88,92.7,22.56,9.651,2.772
Z877,49.58,11,162.64,0.95,33.03,93,99.7,21.9,9.814,2.674
Z878,52.89,10,174.6,0.95,33.98,86,90,22.7,9.134,2.962
Z879,47.64,8,204.25,0.93,32.4,91,104,22.84,8.357,3.044
Z880,54.5,14,125.29,0.97,32.82,85,90.3,22.4,9.362,2.708
Z881,50.7,15,116.47,0.94,32.17,87,97,22.68,9.485,2.609
Z882,40.15,10,124.7,0.92,36.15,83,97.7,23.22,9.483,2.926
Z883,56.04,12,184.75,0.83,33.72,90,109.7,22.08,9.442,2.738
Z884,40.73,9,155.33,0.88,34.45,89,100,25.02,10.019,2.716
Z885,43.77,12,133.17,0.87,33.27,91,93.3,26.88,9.967,2.619
Z886,50.98,12,159.17,0.92,29.95,90,105.3,22.86,8.537,2.758
Z887,38.81,14,121.5,0.74,31.95,87,96,19.92,8.201,3.092
Z889,50.25,13,165.92,0.88,28.85,82,89.3,24.04,7.953,3.078
Z890,42.68,14,123,0.92,27.93,72,80.3,20.8,8.736,2.549
Z891,52.46,12,154.83,0.94,33.68,95,100,25.3,9.869,2.671
Z892,48.67,13,149,0.88,29.95,74,85.7,21.64,9.074,2.479
Z893,54.15,18,137.61,0.89,25.42,81,83.3,21.1,8.787,2.388
Z894,56.59,18,137.22,0.82,31.4,82,85.3,22.52,9.552,2.565
Z895,51.32,14,178.14,0.84,27.4,95,92.3,21.48,9.004,2.521
Z896,29.79,9,148.89,0.86,27.77,78,76.3,21.22,8.879,2.522
Z897,41.66,13,139.46,0.9,27.92,82,83,23.62,9.023,2.529
Z898,38.19,12,122.83,0.9,30.22,82,79,21.48,8.818,2.641
Z899,59.16,19,126.42,0.87,30.55,73,81,20.66,9.101,2.573
Z900,37.87,12,142.5,0.86,26.75,81,75.3,22.32,8.759,2.519
Z901,25.82,8,130.75,0.92,27.72,74,78.7,23.22,8.949,2.535
Z902,36.87,9,157.33,0.94,29.17,83,86.7,23.46,9.383,2.547
Z903,30.93,12,105.75,0.84,29.53,83,78.7,20.74,9.258,2.601
Z904,50,13,168.46,0.79,30.15,81,85,26.06,9.452,2.6
Z905,62.87,14,177.93,0.9,30.2,88,93.7,23.82,9.502,2.452
Z906,25.05,9,144,0.8,26.53,85,95.7,23.18,9.488,2.563
Z907,42.64,13,148.15,0.8,28.85,81,79.3,24.36,9.517,2.487
Z908,31.26,8,162.25,0.94,33.92,85,98,22.98,10.116,2.591
Z909,40.57,13,123.38,0.85,30.1,71,80,21.78,9.073,2.529
Z910,38.27,12,123.17,0.92,28.88,74,84.7,23.34,9.557,2.483
Z911,32.16,11,105.18,0.95,30.12,95,97.7,23.36,8.362,2.869
Z912,39.83,11,138.73,0.87,31.73,97,98,21.3,9.708,2.691
Z913,35.16,12,111,0.9,30.9,96,88.7,19.6,9.328,2.719
Z914,35.22,13,123,0.88,27.52,91,84,19.26,9.15,2.484
Z915,49.04,15,131.13,0.94,27.53,73,81.3,21.88,8.703,2.496
Z916,29.93,8,169.63,0.8,29.02,101,97.7,21.52,9.274,2.601
Z917,38.5,11,135.18,0.89,30.82,72,79.7,22.9,9.476,2.655
Z918,27.3,9,141.67,0.81,28.05,81,81.3,22.32,9.061,2.533
Z919,35.77,9,168.11,0.93,26.62,77,79.3,22.7,9.012,2.47
Z920,31.24,9,134.44,0.95,27.68,80,79,23.44,9.235,2.537
Z921,40.35,9,175,0.93,28.85,94,95.3,20.48,8.916,2.467
Z923,53.74,12,182.08,0.86,30.23,99,104.7,26.5,9.234,2.673
Z924,40.1,14,126.29,0.85,30.5,97,93.7,22.36,9.378,2.63
Z925,25.38,11,104.27,0.82,29.08,102,99,21.72,9.51,2.666
Z926,22.98,7,118.14,0.97,29.63,80,80,19.62,9.153,2.547
Z927,33.07,11,110.36,0.95,29,75,78,22.08,9.22,2.479
Z928,34.97,13,112.38,0.94,26.45,73,78,21.1,9.032,2.444
Z929,35.4,11,122.91,0.89,29.6,80,82,22.16,9.303,2.682
Z930,41.29,13,129.54,0.92,27.17,79,72,23.12,8.979,2.54
Z931,35.98,9,135.89,0.89,34.83,97,104.7,24.86,9.498,2.784
Z932,32.04,11,127.36,0.91,27.57,73,72,20.1,9.163,2.495
Z933,41.21,10,153.4,0.89,32.35,90,93,23.86,9.605,2.679
Z934,39.02,13,139.92,0.71,30.28,81,68.7,23.24,9.8,2.551
Z935,29.04,10,175.1,0.79,28.47,88,85,22.22,9.57,2.493
Z936,28.41,9,122.78,0.95,27.7,74,79.3,19.3,8.743,2.424
Z937,38.46,11,141.55,0.97,26.73,96,95.7,23.08,8.829,2.491
Z938,33.2,8,182,0.86,27.35,72,78.3,21.68,8.86,2.589
Z939,34.48,9,137.33,0.94,31.42,74,77,22.06,9.667,2.591
Z940,30.08,8,177,0.89,24.4,81,76.3,22.76,8.9,2.408
Z941,30.92,8,171.38,0.91,27.73,94,103.7,23.22,9.007,2.492
Z942,31.73,10,135.1,0.79,31.73,104,100.3,26.24,9.862,2.63
Z943,29.16,9,139.33,0.86,28.43,96,98,22.74,9.114,2.536
Z944,28.07,10,117.5,0.84,29.48,91,85,19.26,9.034,2.572
Z945,36.85,9,133.89,0.96,33.7,91,94,23.38,9.933,2.631
Z946,25.82,9,106.78,0.97,29.07,78,75,20.8,9.429,2.517
Z947,40.3,10,141.1,0.99,30.03,72,72.7,20.78,8.319,2.858
Z948,29.76,9,137.22,0.95,26.58,80,76.3,21.96,8.813,2.478
Z949,36.06,12,157.5,0.71,28.85,97,100.3,23.42,8.552,2.743
Z950,40.95,14,113.14,0.84,33.05,97,104,25.82,9.812,2.728
Z951,47.99,11,183.36,0.84,30.35,92,102.7,23.3,9.508,2.553
Z952,45.13,17,109.47,0.9,28.22,78,76.3,23.18,8.973,2.566
Z953,16.94,5,171.8,0.74,28.73,104,111,26.17,9.41,2.757
Z954,34.04,11,126,0.9,29.07,84,96,22,9.108,2.585
Z955,29.57,8,135.38,0.93,32.58,82,97,24.42,9.544,2.689
Z956,33.79,6,167.33,0.97,36.35,94,96.3,23.54,9.274,2.858
Z957,40.18,10,150.8,0.92,32.3,92,96.3,20.12,9.317,2.673
Z958,46.81,16,115.25,0.97,27.72,71,72.3,21.06,9.204,2.516
Z959,39.72,11,130.09,0.95,30.17,70,75.7,22.54,9.379,2.616
Z960,27.79,9,124.56,0.92,27.87,75,74.3,22.08,8.736,2.517
Z961,29.53,10,128.2,0.89,27.9,97,90.3,22.26,9.125,2.497
Z962,31.94,11,105.82,0.96,29.12,70,83,20.12,9.149,2.625
Z963,31.67,10,130.8,0.91,28.33,80,73,20.72,8.992,2.62
Z964,37.18,11,124,0.93,31.23,75,88,21.84,9.815,2.545
Z965,28.81,10,131.6,0.82,27.05,77,84,22.66,9.218,2.475
Z966,48.91,12,197.17,0.82,26.53,89,88.3,23.3,8.702,2.638
Z967,34.94,10,122.1,0.93,32.27,70,81.3,20.96,9.476,2.613
Z968,42.73,13,140.46,0.91,27.07,78,83,22.92,9.028,2.517
Z969,13.91,46,91.63,0.13,25.55,80,74,24.16,9.727,2.293
Z970,30.64,44,132.66,0.21,26.57,80,60.3,21.44,8.943,2.556
Z971,16.66,22,142.32,0.22,25.76,80,62,22.86,8.645,2.563
Z972,46.5,15,128.93,0.84,29.25,73,74.3,21.44,9.192,2.495
Z973,37.19,13,117.92,0.95,27.9,90,83.7,19.94,8.851,2.531
Z974,49.57,18,124.33,0.84,28.33,84,84.3,20.82,9.076,2.407
Z975,40.56,11,166.09,0.95,24.47,81,81,21.52,8.036,2.631
Z976,38,11,161,0.82,26.43,78,83.3,22.7,8.861,2.519
Z977,42.17,13,123.69,0.89,31.12,72,76.7,22.18,9.343,2.644
Z978,39.82,12,116.17,0.91,33.43,88,93,22.2,9.593,2.653
Z979,40.73,12,136.92,0.85,29.65,84,89.3,22.04,9.722,2.498
Z980,25.76,7,159.14,0.88,26.7,83,86,21.74,9.533,2.458
Z981,29.24,9,127.89,0.95,27.2,73,83.3,19.92,8.773,2.482
Z982,35.33,14,99.07,0.96,28.08,72,78,19.9,8.744,2.556
Z983,32.22,9,147.56,0.88,29.08,90,94.7,22.1,9.366,2.585
Z984,32.35,10,128.2,0.91,28.27,74,77.7,21.32,8.896,2.608
Z985,52.05,14,140.07,0.93,30.78,89,95.7,21.84,8.93,2.639
Z986,51.02,13,164.08,0.92,31.82,91,96.7,22.58,9.153,2.726
Z987,52.81,15,162,0.85,28.07,95,89,19.78,9.009,2.508
Z988,27.87,9,135.89,0.8,30.15,100,107.7,22.84,10.236,2.524
Z989,30.58,12,118.33,0.68,31.8,85,83.7,21.06,9.264,2.708
Z990,24.93,7,147.29,0.86,30.3,98,96.7,23.55,8.57,2.911
Z991,40.96,8,215.13,0.88,29.27,100,104.7,25.18,8.377,2.837
Z992,13.87,7,96,0.81,27.43,64,80.7,21.54,7.675,2.999
Z993,38.93,10,160.2,0.84,30.92,101,113.3,24.76,8.75,2.881
Z994,49.6,15,133.2,0.85,32.47,92,86.3,19.52,9.358,2.649
Z995,40.22,9,157.89,0.94,30.53,96,106,24.08,8.277,2.903
Z996,21.31,10,99.5,0.86,25.88,81,73,19.3,7.171,3.024
Z997,61.96,16,188.38,0.83,26.72,82,92,22.62,8.714,2.495
Z998,29.42,10,144.5,0.82,25.9,71,84,23.52,7.125,2.95
Z999,39.62,10,172.2,0.86,28.95,79,75.3,23.3,8.96,2.572
Z1000,33.72,9,130.33,0.93,32.53,96,97,21.38,9.291,2.702
Z1001,37.65,9,168.44,0.95,27.2,90,97,19.54,7.503,2.84
Z1002,46.67,13,120.92,0.95,33.15,91,94,21.68,9.327,2.672
Z1003,50.07,15,118.13,0.95,32.22,85,90.7,19.9,9.583,2.613
Z1004,39.33,11,143.82,0.91,28.38,79,84.7,24.18,9.156,2.444
Z1005,38.65,8,150.13,0.97,34.68,88,92,21.42,9.366,2.809
Z1006,33.13,8,139.13,0.91,34.8,91,105.7,21.7,9.401,2.871
Z1007,43.62,13,153.31,0.89,25.7,81,77.7,20.92,8.57,2.446
Z1008,46.21,18,170.89,0.85,25.48,80,81,21.84,7.125,3.03
Z1009,47.32,10,188.4,0.97,26.53,87,94,20.72,7.476,2.94
Z1010,42.52,10,167.8,0.86,31.98,87,100,20.84,9.422,2.798
Z1011,28.79,10,136.4,0.64,33.88,94,98,20.54,9.427,2.792
Z1012,37.13,9,213.33,0.71,29.7,95,112.3,23.52,9.417,2.686
Z1013,49.66,10,207.8,0.89,29.82,89,101.7,21.3,9.005,2.648
Z1014,54.08,13,156.54,0.93,29.87,93,102.7,22.12,8.332,2.86
Z1015,52.66,14,141.64,0.88,31.07,83,87.3,26,9.255,2.741
Z1016,54.23,14,128.86,0.89,37.07,94,102.3,23.02,9.864,2.908
Z1017,31.51,7,148,0.9,35.63,100,105.3,23.48,9.844,2.754
Z1018,33.31,10,131.3,0.88,29.02,74,76.7,21.1,9.288,2.483
Z1019,41.92,10,179.8,0.9,27.35,73,84.7,22.9,9.178,2.457
Z1020,55.83,15,135.53,0.91,30.95,75,92,23,9.578,2.548
Z1021,48.83,19,110.42,0.9,27.43,83,77,22.08,8.644,2.541
Z1022,39.07,14,127.86,0.83,28.4,77,77,24.12,9.264,2.484
Z1023,30.73,10,116.5,0.93,29.5,76,75.3,20.16,8.822,2.545
Z1024,41.06,12,152.5,0.94,25.17,81,87,23.82,8.602,2.531
Z1025,46.87,14,150.71,0.93,25.95,82,89.7,24.52,8.671,2.515
Z1026,44.94,15,97.33,0.88,37.43,91,94.7,24.3,10.205,2.879
Z1027,35.66,10,129.7,0.96,29.5,88,89,21.32,8.042,2.955
Z1028,45.4,16,114.13,0.85,30.27,75,76,20.42,9.117,2.589
Z1029,30.44,16,116.13,0.66,25.75,79,69,23.92,9.001,2.2
Z1030,44.93,13,142.69,0.92,27.82,79,85,22.9,9.516,2.391
Z1031,41.6,11,147.91,0.86,31.22,73,75.3,22.12,9.451,2.63
Z1032,48.34,14,133.86,0.9,29.23,96,99.3,23.28,8.495,2.881
Z1033,49.08,19,154.05,0.65,26.55,81,85.3,23.42,7.998,2.727
Z1034,55.12,16,138.63,0.84,30.53,70,75.3,20.96,8.508,2.838
Z1035,20.13,11,103.91,0.58,30.83,78,75,21.62,9.374,2.586
Z1036,47.39,14,148.14,0.88,27.87,82,78.3,21.78,8.346,2.651
Z1037,42.83,11,192.64,0.89,25.32,89,89,20.36,8.655,2.422
Z1038,43.3,15,127,0.65,35.15,92,94.3,20.3,9.607,2.797
Z1039,47.79,10,197.8,0.93,27.82,83,91.3,22.48,8.135,2.854
Z1040,53.73,12,169.58,0.94,29.17,87,88,21.76,8.922,2.692
Z1041,31.16,14,129.57,0.67,26.43,72,72,21.76,9.245,2.362
Z1042,37.46,16,125.94,0.71,26.73,80,73.7,22.46,9.257,2.312
Z1043,31.27,13,121.54,0.86,24.4,78,79,21.86,8.072,2.585
Z1044,32.9,10,116.2,0.93,31.63,74,81.3,21.62,9.37,2.633
Z1045,38.15,13,130.46,0.88,27.03,78,81.3,22.34,9.169,2.452
Z1046,52.99,13,169.92,0.93,27.62,88,86,19.86,8.82,2.511
Z1047,26.47,11,118.18,0.81,26.88,81,73.3,20,8.861,2.45
Z1048,43.89,12,171.08,0.89,24.85,81,76,19.02,8.032,2.485
Z1049,30.62,12,120,0.86,26.35,80,77.3,18.4,8.699,2.494
Z1050,38.69,10,140.5,0.96,29.15,91,98.3,22.14,7.969,2.907
Z1051,38.75,15,112.13,0.88,28.28,80,73.7,18.82,9.032,2.502
Z1052,38.63,14,128.36,0.85,27.62,81,78,19.02,8.807,2.556
Z1053,29.54,13,104.92,0.83,27.42,80,78,21.06,9.072,2.398
Z1054,41.54,11,179.82,0.86,25.8,82,78,20.16,8.865,2.374
Z1055,26.13,9,112.11,0.92,28.6,81,76.3,20.42,8.249,2.766
Z1056,67.58,18,135.56,0.92,30.55,73,82.7,22.14,9.372,2.578
Z1057,42.3,14,103.07,0.95,33.38,75,76,20.6,9.497,2.877
Z1058,37.71,13,128.62,0.87,27.42,81,75.7,19.86,8.939,2.537
Z1059,42.42,15,111.87,0.89,29.63,75,76.7,20.74,9.604,2.489
Z1060,35.16,16,97.19,0.87,28.1,80,74.7,21.62,9.461,2.526
Z1061,41.06,10,152.7,0.92,31.43,90,91.3,23.74,9.8,2.56
Z1062,54.46,14,163.29,0.88,28.38,91,94.3,25.48,8.083,2.814
Z1063,41.73,9,151.89,0.95,32.58,96,103.7,22.08,8.407,2.942
Z1064,42.16,11,162,0.9,28.43,77,79,22.76,9.245,2.589
Z1065,44.76,12,136.08,0.93,30.93,77,83.3,22.3,9.474,2.671
Z1066,39.57,13,119.38,0.93,29.35,84,82.7,21.9,9.471,2.52
Z1067,27.83,11,156.45,0.61,27.18,75,76.3,22.8,9.457,2.489
Z1068,50.84,9,195.22,0.93,33.37,87,99.7,23.94,9.192,2.846
Z1069,25.17,11,98.09,0.85,28.87,95,94.3,21.54,9.1,2.624
Z1070,31.32,9,131.44,0.87,30.6,89,96,20.38,9.018,2.621
Z1071,35.45,13,124.62,0.84,27.53,77,77,21.5,8.912,2.542
Z1072,43.8,14,135.64,0.92,26.37,93,100.3,23.08,7.863,2.773
Z1073,47.29,14,141.64,0.95,26.23,90,102.3,21.72,7.883,2.832
Z1074,47.88,12,175.83,0.86,27.62,77,82.7,22.72,9.061,2.508
Z1075,25.99,10,99.1,0.92,29.17,71,81,20.66,9.285,2.498
Z1076,26.79,9,125.33,0.88,28.22,77,74.7,19.18,9.03,2.551
Z1077,31.66,9,157,0.86,27.68,71,75.3,21.56,8.904,2.539
Z1078,45.23,13,130.54,0.94,30.13,75,77,22.54,9.199,2.607
Z1079,33.96,9,161.78,0.94,27.37,101,102.3,23.82,8.135,2.849
Z1080,39.11,14,97.71,0.87,33.55,89,89.7,20.72,9.399,2.862
Z1081,34.89,14,97.21,0.74,35.52,89,89,22.02,9.998,2.751
Z1082,37.58,11,126.09,0.94,30.12,81,81.7,21.08,8.827,2.795
Z1083,33.38,12,91.58,0.94,33.83,84,77,18.82,9.383,2.709
Z1084,40.19,8,167,0.97,31.35,82,86,22.72,9.341,2.594
Z1085,51.05,19,116,0.86,28.88,84,79.7,18.14,8.755,2.696
Z1086,39.78,13,132.15,0.93,31.8,88,94,20.1,8.899,2.927
Z1087,39.81,13,125.62,0.86,28.32,81,74.7,20,8.823,2.532
Z1088,33.01,16,83.13,0.96,26.48,89,83,20.32,7.942,2.735
Z1089,23.71,7,208.29,0.9,28.05,86,82,18.7,7.786,3.023
Z1090,23.88,12,99.92,0.76,27.08,67,77,18.66,7.073,3.094
Z1091,37.24,10,166.5,0.88,26.33,86,81.3,18.82,7.632,3.027
Z1092,45.98,11,166,0.92,28.58,86,84.7,18.82,7.794,3.046
Z1093,25.12,10,130.1,0.74,26.7,77,74,18,7.099,3.014
Z1094,31.14,9,130.22,0.85,32.67,100,93.3,21.34,9.404,2.716
Z1095,47.05,12,148.08,0.91,31.28,97,97,19.98,9.043,2.621
Z1096,50.13,12,218.83,0.87,22.28,92,91,20.64,7.664,2.487
Z1097,34.71,13,140,0.75,27.9,80,79,22.12,7.471,3.037
Z1098,20.83,7,139.43,0.84,26.47,83,74.3,20.08,8.16,2.744
Z1099,44.79,10,179.4,0.96,27.2,89,86.7,20.86,8.053,2.801
Z1100,32.99,10,145.1,0.94,25.73,82,77,21.5,8.337,2.629
Z1101,41.71,15,145.8,0.91,21.93,88,75.3,20.98,7.639,2.514
Z1102,37.66,10,163,0.91,26.45,88,81.3,19.68,8.71,2.496
Z1103,41.16,13,149.54,0.88,25.43,96,87.7,21.38,8.023,2.717
Z1104,37.68,11,157,0.89,25.22,84,77.3,21.26,8.154,2.554
Z1105,52.86,16,130.5,0.94,29,90,85,20.68,8.973,2.576
Z1106,31.97,10,153.1,0.81,27.62,87,77.3,18.54,8.859,2.581
Z1107,46.16,13,166.92,0.85,26.95,86,77.7,21.22,8.723,2.56
Z1108,38.75,12,130.33,0.92,28.62,88,89.3,20.12,8.863,2.565
Z1109,41.13,11,142.36,0.93,29.62,91,82.3,20.5,9.181,2.577
Z1110,28.65,10,131.3,0.95,23.98,87,75.7,22.12,7.952,2.585
Z1111,32.33,8,148.13,0.91,31.85,97,99.7,22.78,8.224,3.245
Z1112,34.15,10,169.7,0.91,22.52,85,75,23.12,7.428,2.565
Z1113,52.89,16,174.06,0.84,24.5,95,97,21.66,7.432,2.743
Z1114,43.88,11,182,0.94,24.83,90,85.7,18.5,8.181,2.58
Z1115,42.79,11,169.82,0.93,25.07,84,73.3,20.9,7.729,2.651
Z1116,49.49,12,186.92,0.8,30.05,93,94,23.9,8.641,2.712
Z1117,42.98,12,159.33,0.83,28.42,83,82,19.84,9,2.548
Z1118,55.29,16,149.19,0.9,27.18,95,97.7,21.06,8.265,2.669
Z1119,47.35,16,187.13,0.74,23.08,95,88.7,22,8.281,2.33
Z1120,52.21,15,138.93,0.98,26.53,91,92.3,19.28,8.147,2.543
Z1121,39.56,11,139.64,0.92,30.17,91,85,19.3,9.208,2.604
Z1122,31.45,9,169.78,0.83,27.17,96,90.3,20.78,9.207,2.462
Z1123,32.91,10,192.5,0.7,25.18,86,91.7,21.16,8.635,2.387
Z1124,41.47,10,161.3,0.9,30.4,87,85.3,21.12,9.155,2.626
Z1126,31.53,12,136.92,0.79,26.52,82,74,22.5,8.543,2.501
Z1127,30.22,9,154.33,0.84,27.63,84,73.7,22.74,9.289,2.453
Z1128,28.39,7,141.71,0.96,31.32,91,89,23.4,8.916,2.807
Z1129,31.56,11,117.27,0.92,28.62,89,84.3,17.5,8.896,2.652
Z1131,43.66,14,152.5,0.81,26.07,83,74,19.46,7.517,2.944
Z1132,37.99,13,109.23,0.89,31.6,85,76,20.06,9.196,2.7
Z1133,69.76,17,162.53,0.87,30.5,84,84.7,22.9,8.845,2.759
Z1135,26.33,13,130.38,0.62,25.9,90,67,21.62,8.191,2.616
Z1136,29.58,11,110.18,0.84,29.6,72,76,19.9,7.95,2.996
Z1137,50.86,14,122.21,0.95,32.23,84,83.7,20.34,8.946,2.865
Z1138,32.04,7,177.29,0.96,29.4,91,92.7,22.48,7.861,3.095
Z1139,23.78,7,133.57,0.91,29.05,87,94,22.12,8.535,2.763
Z1140,43.9,12,163.5,0.84,28.5,88,83.7,21.62,8.688,2.821
Z1141,39.26,10,128.9,0.94,33.3,91,91.3,21.38,9.184,2.902
Z1142,28,10,102.9,0.93,30.73,87,75.7,19.42,8.654,2.893
Z1143,21.52,10,102.2,0.76,28.47,78,68.7,20.32,8.254,2.749
Z1144,32.74,10,106.7,0.85,38.57,95,91.7,24.16,10.523,2.885
Z1145,22.26,7,115.86,0.96,29.9,97,86.7,22.64,8.666,2.883
Z1147,26.03,9,110.78,0.91,30.75,99,96,24.34,9.476,2.615
Z1148,33.92,13,122.31,0.81,27.92,98,85.3,22.58,9.2,2.523
Z1149,24.82,8,104.5,0.94,32.85,85,83.3,22.22,9.515,2.674
Z1150,29.35,10,149,0.8,26.33,97,96.7,25.72,8.939,2.498
Z1151,27.49,9,127.33,0.98,25.1,83,80,23.32,8.681,2.467
Z1152,57.72,27,108.74,0.8,26.08,102,84,21.88,7.317,3.009
Z1154,47.59,18,94.83,0.92,31.67,84,83.7,23.76,7.923,3.137
Z1155,30.94,9,133.44,0.92,28.82,77,76.3,22.66,9.211,2.484
Z1156,29.57,9,143.11,0.96,24.42,84,80.7,23.32,7.979,2.6
Z1157,31.58,11,119.55,0.93,26.97,78,79,19.98,9.219,2.267
Z1159,38.33,10,143.6,0.88,30.78,77,81,22.22,9.382,2.59
Z1160,34.8,11,145.36,0.92,24.52,83,78.7,23.86,7.922,2.574
Z1161,37.36,12,142.17,0.8,28.15,85,89,24.28,9.182,2.474
Z1162,40.24,11,142.73,0.96,27.7,85,84,23.04,8.463,2.643
Z1163,41.5,12,143.83,0.94,26.25,85,84.7,23.2,8.082,2.673
Z1164,51.72,13,155.23,0.88,30.65,93,108,25,8.508,2.887
Z1165,29.01,8,139.5,0.89,30.78,80,87.7,22.98,9.471,2.593
Z1166,29.31,9,142.11,0.84,27.87,80,85.7,22.18,9.397,2.431
Z1167,21.08,8,106.75,0.91,27.3,93,105.7,22.7,9.453,2.475
Z1168,33.65,11,139.73,0.93,23.73,83,78.3,23.22,7.931,2.512
Z1169,41.93,14,135,0.8,29.42,86,85.7,22.94,9.394,2.549
Z1170,32.26,9,129.11,0.93,31.17,79,78.3,19.52,9.256,2.651
Z1171,39.53,12,119.83,0.87,33.4,74,77,21.28,9.496,2.809
Z1172,30.38,12,132.17,0.76,26.47,84,83,20.66,9.073,2.484
Z1173,31.71,11,110.55,0.96,27.92,84,79.7,20.24,8.186,2.722
Z1174,35.87,10,152.6,0.89,27.25,85,88.7,22.62,8.878,2.468
Z1175,29.34,11,154.91,0.77,23.58,93,82,19.82,8.553,2.354
Z1176,38.84,11,140.45,0.9,29.13,85,92.7,24.82,8.27,2.812
Z1177,27.57,7,158.29,0.88,29.67,83,85.3,25.18,9.434,2.501
Z1178,36.14,12,172.67,0.78,24.98,86,85.7,19.36,8.982,2.458
Z1179,39.66,15,117.6,0.9,26.32,84,76,20.28,8.398,2.672
Z1180,29.76,14,110,0.92,21.63,83,75,20.18,8.631,2.186
Z1181,33.01,11,146.82,0.7,29.53,82,82.3,23.38,9.098,2.611
Z1182,31.6,11,121.27,0.91,27.1,82,77.3,22.6,8.964,2.507
Z1183,42.75,12,134.17,0.94,29.97,94,104.7,21.94,8.418,2.875
Z1184,37.28,15,151.07,0.85,21.47,94,94.7,23.08,8.381,2.265
Z1185,35.95,11,173.45,0.92,22.58,91,99.3,24.76,8.225,2.315
Z1186,36.08,15,146.6,0.83,21.37,88,83.7,20.94,8.195,2.323
Z1187,37.32,11,140.45,0.92,27.37,94,93.3,22.74,8.086,2.711
Z1188,31.47,10,174.3,0.67,27.38,88,85,23.68,8.766,2.703
Z1189,37.25,13,137.77,0.82,27.58,98,103,22.88,9.348,2.476
Z1190,38.63,14,129.86,0.89,24.32,79,70.7,22.06,8.325,2.502
Z1191,41.41,13,155.31,0.76,28.88,87,93,23.48,8.947,2.58
Z1192,30.81,9,132.67,0.96,27.03,79,82.7,22.88,8.612,2.535
Z1193,24.49,7,154.86,0.87,26.55,82,75.7,22.24,8.069,2.678
Z1194,41.41,12,131.17,0.86,32.4,97,103,23.28,8.328,3.033
Z1195,41.03,12,153.92,0.9,25.7,85,78.7,21.5,8.174,2.616
Z1196,41.4,14,127.21,0.94,25.53,84,85.7,20.7,7.971,2.618
Z1197,30.68,10,146.9,0.83,25.73,83,84,22.78,8.079,2.637
Z1198,47.38,11,187.09,0.92,25.08,78,87.7,22.06,7.695,2.768
Z1199,47.96,14,162,0.94,23.18,85,87,22.72,8.173,2.459
Z1200,34.61,10,128.1,0.94,28.98,80,81,19.9,8.574,2.826
Z1201,31.66,11,131,0.78,29.98,82,82.3,23.04,9.611,2.486
Z1202,37.45,11,140.27,0.83,30.13,84,84,20.6,9.17,2.653
Z1203,32.39,10,127.6,0.8,32.33,92,96.3,19.64,9.441,2.625
Z1204,31.84,9,156.33,0.83,28.32,84,85,23.18,9.171,2.474
Z1205,35.07,14,111.5,0.93,25.2,78,75,21.08,8.373,2.497
Z1206,33.96,13,109.15,0.87,27.68,86,75.3,21.14,8.341,2.702
Z1207,52.06,17,137.65,0.97,24.12,86,75.7,21.68,7.317,2.755
Z1208,35.09,12,166.42,0.84,22.92,86,79.7,21.72,7.804,2.576
Z1209,41.66,11,124.91,0.93,35.35,90,93.3,22.64,9.275,2.82
Z1210,42.23,10,152.8,0.93,31.48,89,93.3,21.78,8.413,3.029
Z1211,31.1,11,97.45,0.86,36.5,99,107.7,21.02,10.193,2.859
Z1212,37.15,12,145.42,0.86,26.48,97,99.3,21.16,8.198,2.601
Z1213,39.51,11,142.82,0.9,28.8,95,100,21.16,8.414,2.705
Z1214,41.52,11,160.82,0.93,25.88,89,94.7,21.42,7.918,2.702
Z1215,37.84,16,129.19,0.75,25.55,88,84.3,21.94,8.256,2.674
Z1216,31.44,12,115,0.94,26.12,96,94,22.32,8.304,2.515
Z1217,38.54,13,131.62,0.85,28.48,81,82.3,23.16,9.243,2.574
Z1218,50.65,16,162.06,0.79,27.13,84,85.3,21.3,9.237,2.518
Z1219,53.51,14,135.93,0.91,31.42,88,95.3,22.86,9.214,2.665
Z1220,35.87,9,136.22,0.96,31.25,88,92.3,20.88,8.977,2.67
Z1221,42.73,13,148.23,0.89,27.07,79,78.7,21.34,8.878,2.527
Z1222,44.31,14,145.36,0.82,28.08,78,80,24.44,8.978,2.512
Z1223,31.21,9,118.33,0.96,32.75,96,99.3,24.22,9.333,2.643
Z1224,36.07,10,132.4,0.83,33.37,90,99.7,20.2,9.172,2.671
Z1225,35.14,11,134.73,0.85,31.22,98,98,25.18,9.361,2.569
Z1226,42.37,15,108.73,0.93,29.72,80,84.3,18.6,9.201,2.513
Z1227,35.81,15,101.07,0.9,28.65,89,98.3,19.08,9.305,2.688
Z1228,40.16,11,133.18,0.9,30.88,88,94.7,22.18,8.187,3.1
Z1229,59.97,15,162.73,0.84,31.47,99,104,22.74,8.126,3.228
Z1230,35.58,14,185.79,0.69,27.57,96,108.3,23.24,8.242,2.769
Z1231,40.2,11,140.09,0.89,31.45,96,99,25.52,8.541,3.016
Z1232,51.17,15,141.93,0.86,30.15,94,102.3,22.88,8.127,2.914
Z1233,44.59,13,126.54,0.93,31.47,73,76.3,21.5,9.361,2.606
Z1234,37.03,11,156.73,0.83,28.02,83,78.7,21.32,9.079,2.552
Z1235,33.67,12,138.25,0.81,26.82,87,80,21.26,8.968,2.392
Z1236,27.55,9,120.56,0.91,29.67,76,75.7,21.3,9.32,2.624
Z1237,31.63,8,172.63,0.77,31.37,96,106.3,22.32,9.139,2.671
Z1238,35.86,10,159.9,0.89,27.7,86,89.3,20.7,8.781,2.65
Z1239,25.15,9,122.33,0.86,30.13,103,106.7,23.34,9.939,2.636
Z1240,31.25,10,116.3,0.87,33.47,92,98.3,23.9,9.853,2.651
Z1241,38.63,12,116.58,0.84,35.33,91,104.7,22.12,9.93,2.924
Z1242,28.93,10,114.6,0.85,30.5,75,75,20.3,9.351,2.569
Z1243,32.6,12,132.25,0.69,30.4,82,71,23.5,9.567,2.418
Z1244,34.16,11,134.73,0.8,29.78,83,68.7,22.6,9.58,2.494
Z1245,45.06,10,148.8,0.94,34.5,88,102,24.74,10.201,2.633
Z1246,24.19,9,104.78,0.92,29.32,75,82,20.48,8.949,2.525
Z1247,31.84,10,117.3,0.9,31.48,83,80,21.7,9.358,2.543
Z1248,49.1,16,123.94,0.94,28.1,88,84.7,20.68,8.97,2.526
Z1249,42.68,13,144.77,0.95,24.23,87,82.3,19.58,8.242,2.532
Z1250,28.82,10,130.4,0.86,26.9,71,78.3,20.5,8.948,2.433
Z1251,30.09,7,177.57,0.85,29.37,76,83.7,18.76,7.599,2.961
Z1252,35.91,12,110.83,0.93,30.42,71,80,20.42,9.202,2.581
Z1253,25.76,8,127.88,0.9,29.9,81,89.7,20.1,8.694,2.73
Z1254,38.97,10,144.4,0.88,32.15,98,99.7,23.26,8.099,3.053
Z1255,29.58,11,119.45,0.71,32.73,93,96.7,19.66,9.345,2.609
Z1256,40.43,12,140.92,0.91,28.15,77,76.7,22,8.848,2.552
Z1257,30.86,8,143.75,0.94,30.15,92,89,21.6,8.785,2.814
Z1258,31.18,10,125.7,0.92,28.28,93,89,18.44,8.79,2.628
Z1259,21.48,7,120.57,0.88,29.88,71,71,16.18,7.003,3.231
Z1260,44.5,11,180.27,0.94,25.08,86,80,20.3,8.441,2.538
Z1261,21.52,7,116.57,0.9,31.18,102,101,21.58,9.024,2.886
Z1262,17.84,7,77,0.95,34.78,83,72,18.18,8.557,3.209
Z1263,14.16,6,122,0.77,25.8,83,73.3,18.38,7.296,3.014
Z1264,29.74,7,161.57,0.89,31.75,95,102.3,21.12,8.726,2.937
Z1265,28.23,13,83,0.92,29.33,71,69,15.18,7.427,3.143
Z1266,29.74,8,140.75,0.94,31.75,95,90.3,17.46,9.616,2.433
Z1267,23.47,8,126.5,0.86,29.45,91,85.7,23.24,9.137,2.553
Z1268,21.38,9,106.44,0.87,27.4,100,79.3,22.1,9.345,2.474
Z1270,29.62,8,173.5,0.91,24.67,98,89.3,20.5,8.49,2.472
Z1271,33.93,9,157.22,0.84,30.02,96,97.7,25.42,9.165,2.666
Z1272,36.28,10,141.4,0.93,29.73,90,86,20.22,9.444,2.561
Z1273,30.06,8,156.25,0.86,29.77,94,84.3,20.18,8.866,2.703
Z1274,44.16,13,137.46,0.9,29.5,89,83.3,20.88,9.305,2.546
Z1275,33.38,9,179.11,0.82,26.83,97,99.3,22.12,9.261,2.379
Z1276,43.27,11,157.45,0.9,29.95,96,102.3,23.32,8.236,2.977
Z1277,36.07,8,140,0.97,35.85,96,100.3,22.8,9.254,2.907
Z1278,40.05,12,135.83,0.95,27.18,85,78,22.2,8.826,2.484
Z1279,25.48,7,180.29,0.7,30.28,104,111.7,26.26,9.412,2.712
Z1280,53.61,16,151.38,0.94,24.15,85,83.3,21.52,7.46,2.674
Z1281,41.12,14,138.93,0.93,23.37,80,82,22.34,8.432,2.488
Z1282,42.73,14,135.5,0.89,26.75,88,88.7,17.3,8.738,2.474
Z1283,41.09,14,117.43,0.92,29.53,92,91.7,22.76,9.595,2.502
Z1284,39.52,12,121.67,0.91,32.3,89,92,21.46,9.378,2.727
Z1285,24.29,10,132.5,0.75,25.08,82,74.7,19.32,8.134,2.552
Z1286,29.3,10,143.7,0.88,24.23,84,76,20.84,7.947,2.615
Z1287,27.46,12,117.5,0.82,25.43,94,89,19.98,9.374,2.283
Z1288,29.79,11,116.82,0.85,29.23,95,86.7,19.78,9.092,2.522
Z1289,25.68,9,100.78,0.89,33.45,98,90.7,21.4,9.215,2.761
Z1290,25.56,7,119,0.95,33.55,88,89.3,20.68,9.168,2.722
Z1291,41.8,13,126.62,0.97,26.85,90,94,22.64,8.1,2.637
Z1292,23.8,7,125.57,0.97,28.67,79,79.3,19.9,8.272,2.735
Z1293,26.77,9,118.22,0.93,27.85,73,78.7,20.62,9.308,2.521
Z1294,27.01,10,100.3,0.94,29.28,73,82.7,19.1,9.124,2.586
Z1295,25.7,10,117.6,0.8,28.4,80,74,17.52,8.896,2.613
Z1296,31.79,9,138.78,0.92,28.6,79,84.7,22.1,8.77,2.575
Z1297,36.15,13,111.23,0.96,26.78,80,79.3,19.18,7.757,2.803
Z1298,23.05,10,121.4,0.82,24.28,72,79.7,21.68,8.552,2.457
Z1299,51.06,15,124.93,0.96,29.33,72,75,19.18,8.241,2.765
Z1300,36.03,12,136.42,0.85,27.65,72,75,19.54,9.2,2.53
Z1301,45.68,13,145.46,0.89,27.87,74,76.3,18.94,8.089,2.885
Z1302,31.98,8,179.5,0.92,24.63,74,74.7,18.7,7.583,2.834
Z1303,37.35,13,116.54,0.96,27.2,72,79.7,20.24,9.027,2.439
Z1304,26.55,9,133.89,0.85,26.58,73,67,16.52,7.583,3.058
Z1305,18.99,8,147.13,0.62,26.65,73,72.3,21.06,9.386,2.355
Z1306,36.3,9,161.11,0.9,29.27,78,76,19.58,8.937,2.572
Z1307,39.79,12,127.67,0.93,29.23,78,81.3,21.56,8.924,2.665
Z1308,35.92,11,128.18,0.88,31.67,82,77.3,20.5,9.011,2.757
Z1309,26.29,10,107.5,0.92,27.4,70,68.3,19.5,7.328,3.011
Z1310,32.19,11,112,0.9,30.22,75,78.3,21.08,9.145,2.607
Z1311,33.73,9,145.33,0.92,30.4,81,75.7,22.54,8.672,2.678
Z1312,36.63,10,166.9,0.83,27.45,80,80,20.74,9.218,2.461
Z1313,33.12,11,106.64,0.9,33.08,80,81,22.36,9.52,2.707
Z1314,40.84,15,109.6,0.87,29.1,73,88.3,22.82,9.29,2.566
Z1315,42.05,10,177.9,0.92,27.02,74,77,20.18,8.409,2.711
Z1316,36.31,7,169,0.86,37.5,90,103.7,23.74,9.576,3.022
Z1317,35.68,8,158.5,0.94,31.48,89,99.7,21.3,8.604,2.874
Z1318,37.43,12,108.25,0.92,32.03,93,98.3,22.4,8.815,2.793
Z1319,36.77,10,129.9,0.84,35.85,94,107,24.7,9.726,2.791
Z1320,49.64,13,116.92,0.95,35.82,92,95.3,22.56,9.485,2.859
Z1321,58.44,16,138.06,0.9,30.57,89,101.3,23.14,8.857,2.746
Z1322,43.63,10,150.5,0.87,36.13,91,104,22.06,9.138,2.947
Z1323,22.62,8,101.25,0.91,31.52,88,100.3,19.28,9.565,2.718
Z1324,31.02,12,98,0.89,31.6,87,99,22.22,11.021,2.324
Z1325,44.71,13,123.46,0.9,33.25,91,93.3,21.24,9.044,2.997
Z1326,40.46,11,129.18,0.93,31.67,97,96,22.92,8.628,2.95
Z1327,44.43,12,125.08,0.92,34.43,94,97.3,24.68,9.737,2.712
Z1328,48.5,11,153.82,0.88,34.53,90,100,23.22,9.486,2.844
Z1329,37.9,10,138,0.87,34.22,92,103,22.3,9.431,2.866
Z1330,45.47,10,138.7,0.92,37.15,89,99.3,22.24,9.31,3.072
Z1331,46.67,10,159.9,0.92,33.58,87,101.7,20.18,9.47,2.804
Z1332,31.54,8,158.63,0.84,31.03,90,101.7,22.84,8.343,3.018
Z1333,31.56,8,145,0.85,35.1,93,110.3,24.1,9.666,2.79
Z1334,36.32,10,135.7,0.91,30.82,94,99.7,24.5,9.483,2.628
Z1335,34.73,9,164.78,0.84,29.85,96,104.7,22.54,8.984,2.699
Z1336,48.85,10,206.1,0.97,25.87,83,92.3,24.3,8.512,2.617
Z1337,34.34,8,139.38,0.87,36.83,87,100,23.64,10.041,2.949
Z1338,30.12,10,98.4,0.93,33.58,88,103.7,24.02,10.025,2.662
Z1339,26.25,7,154.43,0.88,29.67,98,103.7,23.7,9.228,2.537
Z1340,46.16,13,119.46,0.96,31.8,91,93.3,21.7,9.559,2.645
Z1341,41.18,10,152.7,0.87,32.72,94,100,23.3,9.52,2.641
Z1343,23.78,5,168,0.82,35.02,99,99,24.48,9.658,2.685
Z1344,60.71,17,144.76,0.9,28.63,86,93.7,23.58,9.244,2.452
Z1345,29.61,8,131.88,0.95,30.67,88,97,21.1,9.578,2.591
Z1346,62.87,13,172.31,0.91,33.6,88,94,23.34,9.741,2.819
Z1347,37.07,8,161.75,0.87,35.3,89,97.3,22.08,9.087,2.967
Z1348,49.69,17,111.82,0.93,29.6,95,98.3,23.04,9.178,2.651
Z1349,35.11,10,122.5,0.94,32.23,90,100,23.32,9.267,2.7
Z1350,35.38,11,113.09,0.95,30.3,91,86.3,21.44,9.204,2.651
Z1351,18.89,14,168.57,0.36,23.77,71,74.7,19.56,7.735,2.795
Z1352,32.14,8,133,0.95,32.53,90,94.3,21.4,9.92,2.61
Z1353,32.52,8,142.88,0.91,32.75,89,94.3,22.98,10.054,2.567
Z1354,45.73,9,163.67,0.94,33.75,89,100.3,23.68,9.91,2.656
Z1355,46,10,159.7,0.93,32.68,91,100.3,25.2,9.352,2.753
Z1356,51.67,12,157,0.91,31.2,91,97.7,23.64,8.953,2.82
Z1357,35.47,10,126.4,0.88,33.55,94,104.7,24.26,9.574,2.799
Z1358,52.46,11,172.82,0.9,32.62,88,101.7,24.74,9.444,2.729
Z1359,27.54,10,115.8,0.82,30.3,90,95,22.52,8.679,2.803
Z1360,44.52,12,126.42,0.92,33.97,98,97,25.6,9.861,2.667
Z1361,43.12,9,205.22,0.73,33.35,87,101,23.4,9.731,2.817
Z1362,37.91,9,136.22,0.95,34.88,88,94,21.48,9.465,2.813
Z1363,43.81,11,157,0.84,32.08,89,95.3,24.28,9.699,2.708
Z1364,38.63,8,159.88,0.93,35.12,89,98,26.02,9.211,2.901
Z1365,39.23,9,146.22,0.91,34.05,91,107.3,23.66,9.658,2.718
Z1366,30.87,7,155.86,0.9,32.3,88,91,23.72,9.987,2.592
Z1367,36.23,17,68.53,0.94,35.12,91,108,23.56,9.647,2.933
Z1368,30.92,7,141.86,0.91,35.38,95,98.7,24.22,9.328,2.943
Z1369,34.14,10,141.9,0.92,28.67,93,93.3,22.16,9.377,2.471
Z1370,26.24,8,143,0.93,26.93,94,92.3,22.1,8.401,2.639
Z1371,35.43,7,176,0.93,32.63,90,100,23.4,9.589,2.716
Z1372,43.5,13,163.31,0.75,27.97,85,96.3,23.32,10.011,2.578
Z1373,41.52,6,254.5,0.9,31.78,95,96.3,24.1,9.657,2.651
Z1374,38.01,9,231.78,0.66,30.73,95,99,22.34,9.489,2.659
Z1375,30.46,11,149.36,0.73,28.03,95,101.3,23.18,9.112,2.552
Z1376,32.77,9,193.33,0.68,30.77,95,100,23.86,9.789,2.62
Z1377,24.59,7,190.43,0.69,28.97,97,103,24.08,9.219,2.551
Z1378,25.2,8,131.75,0.83,31.15,99,98,25.62,9.688,2.682
Z1379,32.1,10,153.7,0.82,27.6,102,93.3,22.64,9.154,2.481
Z1380,19.43,6,138.33,0.87,27.95,99,95,24.68,9.118,2.576
Z1381,34.77,10,122.1,0.95,32.57,94,95.3,21.14,9.427,2.72
Z1382,29.62,9,154.78,0.86,26.98,95,86,20.3,9.084,2.437
Z1383,33.28,10,127.7,0.92,29.87,93,91.7,18.76,8.798,2.68
Z1384,40.94,11,145.64,0.85,31.83,88,94,20.88,9.451,2.691
Z1385,31.5,7,242.14,0.71,26.47,91,102,22.48,7.972,2.694
Z1386,36.45,15,106.27,0.81,29.93,99,98.7,20.5,9.029,2.591
Z1387,32.34,11,113.45,0.82,34.32,95,101.7,18.78,9.509,2.821
Z1388,28.17,11,446.73,0.19,34.23,104,102.7,24.32,9.997,2.684
Z1389,27.69,9,125.67,0.71,36,94,101,21.1,9.591,2.984
Z1390,33.12,12,121.5,0.83,28.5,97,91,22.12,9.735,2.413
Z1391,23.86,8,113,0.93,29.87,98,92.7,20.3,8.817,2.584
Z1392,28.94,10,134.4,0.77,29.55,99,98.3,21.9,9.76,2.545
Z1393,27.02,8,124.88,0.88,31.85,96,93.7,22.32,8.813,2.833
Z1394,23.77,9,117.78,0.83,28.33,96,88.3,21.52,8.938,2.541
Z1395,22.61,5,188.6,0.83,30.58,89,92.3,20.87,9.171,2.638
Z1396,20.81,8,107.5,0.8,31.26,89,88,18.28,9.269,2.727
Z1397,30.91,10,122.6,0.76,33.78,94,95.3,20.54,9.314,2.72
Z1398,21.51,6,149.83,0.83,29.73,87,94.7,23.77,8.963,2.669
Z1399,29.61,8,136.13,0.95,29.72,89,96.3,21.14,9.122,2.683
Z1400,30.54,7,172.71,0.82,32.33,97,96,21.34,9.289,2.82
Z1401,31.52,10,142.1,0.85,27.62,96,96.7,21.28,9.016,2.533
Z1402,32.83,9,142.11,0.91,29.53,98,97.3,21.56,8.82,2.764
Z1403,29.42,8,130.25,0.9,33.32,92,96,20.82,9.299,2.732
Z1405,39.26,12,141.58,0.93,25.42,91,84.7,19.76,8.984,2.37
Z1406,33.77,10,149.4,0.9,29.27,91,102.3,22.78,9.044,2.577
Z1407,41.09,12,144.25,0.73,33.93,93,102.7,21.34,9.642,2.722
Z1408,47.81,12,219.83,0.63,31.78,95,107,22.12,9.592,2.576
Z1409,42.98,12,125,0.85,36.02,98,101.7,21.74,8.983,3.151
Z1410,58.87,15,185.8,0.87,25.53,91,93.3,22.4,8.753,2.581
Z1411,51.6,11,188.36,0.82,32.43,98,110.3,21.44,9.519,2.819
Z1412,12.3,9,261,0.28,22.7,74,72.3,20.02,7.733,2.784
Z1413,37.74,10,178.2,0.77,29.27,97,93.7,22.26,9.025,2.581
Z1414,51.53,14,188.43,0.77,26.53,88,81.7,20.68,8.843,2.514
Z1415,40.18,14,147.21,0.72,31.07,99,111,25.06,9.78,2.681
Z1416,54.52,16,150.5,0.87,27.67,99,94.3,22.88,9.081,2.602
Z1417,39.8,12,131,0.9,30.97,95,94.7,21.46,9.29,2.599
Z1418,38.41,14,133.86,0.72,29.95,100,96.7,24.24,9.549,2.706
Z1419,39.31,13,125.77,0.84,31.2,91,89.3,22.44,9.293,2.666
Z1420,41.55,13,143.54,0.73,32.83,95,97,22.28,9.488,2.734
Z1421,23.82,9,90.33,0.91,33.12,98,91.7,21.32,9.22,2.741
Z1422,28.91,13,125.15,0.71,27.02,90,77.3,18.92,9.009,2.496
Z1423,42.6,11,181.09,0.85,26.17,88,90.3,21.18,8.769,2.558
Z1424,33.61,10,148.2,0.88,26.88,98,86.3,23.12,8.748,2.507
Z1425,43.94,13,143.23,0.85,29.25,98,84.3,23.76,9.329,2.527
Z1426,40.35,14,126.71,0.87,27.9,99,90.7,21.52,8.999,2.562
Z1427,29.51,10,108.1,0.88,31.82,92,89.3,18.1,9.302,2.599
Z1428,31.34,11,131.64,0.89,26.5,92,85,19,8.928,2.468
Z1429,44.26,13,126.31,0.93,31.42,97,99.3,21.12,9.5,2.569
Z1430,48.79,18,163,0.7,26.78,101,95.3,22.08,9.12,2.355
Z1431,39.5,14,142.07,0.73,29.38,103,105.7,24.7,9.109,2.612
Z1432,35.76,14,121.29,0.76,29.73,89,94.3,19.58,9.265,2.56
Z1433,38.17,11,133.18,0.87,32.73,94,103.3,22.28,9.79,2.651
Z1434,45,11,170.45,0.84,31.78,94,103,21,9.321,2.698
Z1435,22.85,10,112.2,0.7,31.12,99,105,23.06,9.616,2.654
Z1436,31.89,10,133.3,0.86,29.15,99,99.3,22.84,9.35,2.605
Z1437,37.41,12,152.33,0.84,26.22,94,88.3,20.9,8.37,2.552
Z1438,49.24,18,109.56,0.84,32.15,101,100,22.3,9.912,2.522
Z1439,42.29,11,192.64,0.76,28.87,93,96.3,24.18,9.161,2.616
Z1440,27.11,11,133.64,0.67,30.4,102,104,25.7,9.527,2.62
Z1441,42.33,11,135.64,0.9,33.65,97,97.3,22.56,9.572,2.8
Z1442,42.11,15,131.67,0.84,27.38,96,97,21.7,8.952,2.447
Z1443,29.72,10,130.2,0.8,30.13,92,95.7,19.1,8.806,2.603
Z1444,58.95,15,157.73,0.8,33.58,93,97,21.82,9.182,2.802
Z1445,43.1,14,115.29,0.91,32.23,96,96.7,23.16,9.753,2.589
Z1446,41.27,14,137.14,0.85,28.53,88,83.3,20.14,9.225,2.472
Z1447,25.43,8,136.63,0.78,32.07,99,99,24.52,9.767,2.56
Z1448,36.35,9,153,0.85,33.98,94,115.3,23.9,9.985,2.799
Z1449,53.76,14,147.36,0.85,33.02,90,97,19.72,9.442,2.772
Z1450,58.79,20,147.8,0.68,31.67,102,105,25.46,8.575,2.941
Z1451,34.5,10,158.9,0.82,29.03,97,104.3,25.34,9.244,2.503
Z1452,25.47,7,197.86,0.68,31.45,95,107,22.36,9.268,2.606
Z1453,38.96,8,169.75,0.87,35.43,94,106.7,24.4,9.016,3.018
Z1454,39.88,9,168.11,0.92,29.93,89,88,21.96,9.207,2.652
Z1455,40.62,12,160.5,0.75,29.68,87,87.7,20.08,8.984,2.703
Z1456,35.68,12,154.17,0.88,24.12,85,78.7,20.06,8.414,2.567
Z1457,37.84,9,205.89,0.71,31.97,94,103.3,23.08,9.282,2.631
Z1458,28.2,8,151.63,0.74,33.17,94,99.3,21.94,9.563,2.7
Z1459,41.85,14,136.29,0.84,27.65,86,85,21.44,9.028,2.589
Z1460,51.59,13,171.08,0.88,27.63,84,81.3,20.26,8.402,2.789
Z1461,37.07,12,128,0.84,29.88,84,78.3,23.22,9.354,2.478
Z1462,39.32,9,173.22,0.95,28.2,92,97.7,22.3,8.996,2.554
Z1463,44.75,13,124.15,0.92,33.33,94,102.7,22.48,9.767,2.712
Z1464,42.64,12,186.58,0.73,27.53,88,99.3,21.36,9.18,2.522
Z1465,35.7,10,165,0.88,25.6,93,88.3,19.36,9.048,2.433
Z1466,36.77,12,140.08,0.83,28.57,85,85,20.62,8.557,2.745
Z1467,39,9,203.44,0.92,24.37,85,84.3,21.06,8.185,2.533
Z1468,29.68,10,139.7,0.85,25.98,84,79.3,19.24,8.702,2.404
Z1469,54.62,14,163,0.86,29.37,82,81,24.08,9.467,2.502
Z1470,23.02,12,152,0.44,29.7,82,75,18.84,9.158,2.537
Z1471,49.42,13,137.08,0.98,30.3,88,86,20.86,8.534,2.876
Z1472,62.89,18,144.56,0.95,25.93,86,80,17.88,8.58,2.403
Z1473,56.07,15,149.47,0.87,30.82,98,105.7,22.04,9.392,2.698
Z1474,41.16,10,173.4,0.92,27.7,96,96,21.38,9.128,2.437
Z1475,37.83,12,208.33,0.78,24.42,85,73,20.7,8.848,2.366
Z1476,26.24,11,235.55,0.91,25.53,85,82.3,19.16,8.874,2.425
Z1477,65.6,18,142.44,0.85,32.45,95,100.7,22.9,9.795,2.726
Z1478,47.43,11,181,0.92,27.1,83,80,20.2,8.914,2.545
Z1479,53.17,19,123.26,0.9,26.23,83,75.3,21.06,9.039,2.376
Z1480,41.48,17,121.53,0.85,25.23,77,73.7,23.02,8.835,2.429
Z1481,48.08,14,160.07,0.85,26.3,79,74,23.24,9.201,2.382
Z1482,39.18,15,133.33,0.82,25.6,92,98.3,21.38,8.751,2.471
Z1483,47.16,19,134.79,0.75,24.9,81,72.3,23.12,8.866,2.299
Z1484,53.29,14,182.43,0.83,26.4,94,93.7,20.54,8.499,2.526
Z1485,48.06,11,232.18,0.86,23.43,84,78,21.3,8.162,2.526
Z1486,50.32,15,162.13,0.79,26.75,79,73.7,21.96,7.843,2.895
Z1487,53.48,17,173.06,0.79,25.18,93,91.7,21.22,9.054,2.374
Z1488,53.08,14,157.57,0.92,27.43,90,86.3,21.28,8.632,2.602
Z1489,62.6,17,148,0.88,29.63,93,97.7,22.8,9.663,2.545
Z1490,52.71,14,166.71,0.92,26.3,88,84,20.2,9.166,2.374
Z1491,48.88,12,169.17,0.87,28.67,85,86.3,21.52,9.325,2.649
Z1492,56.29,15,160.13,0.87,28.37,83,79,21.56,9.065,2.459
Z1493,46.58,12,148,0.88,32.43,90,86.7,23.88,9.581,2.662
Z1494,49.91,13,184.38,0.86,27.4,92,90.7,19.68,8.746,2.614
Z1495,56.47,19,146.95,0.8,27,85,81.7,20.7,9.227,2.455
Z1496,59.22,14,198.07,0.82,29.37,90,96.7,22.1,9.3,2.478
Z1497,55.2,15,195.8,0.7,29.87,101,108,26.18,10.018,2.581
Z1498,48.22,14,183.79,0.69,28.35,102,108.7,25.24,9.104,2.691
Z1499,42.02,9,177.56,0.92,30.6,88,91.3,24.7,8.167,2.964
Z1500,39.25,8,198.38,0.87,30.97,92,91,21.98,9.045,2.642
Z1501,41.65,10,182,0.85,27.9,88,88,19.7,8.714,2.591
Z1502,30.31,11,129.45,0.79,28.68,89,89.3,21,9.524,2.545
Z1503,40.7,14,134.07,0.85,28.17,90,96.3,20.28,8.974,2.617
Z1504,39.99,10,196.6,0.81,26.72,98,96.7,25.46,8.902,2.483
